,1975-76,,,1976-77,,,1977-78,,,1978-79,,,1979-80,,,1980-81,,,1981-82,,,1982-83,,,1983-84,,,1984-85,,,1985-86,,,1986-87,,,1987-88,,,1988-89,,,1989-90,,,1990-91,,,1991-92,,,1992-93,,,1993-94,,,1994-95,,,1995-96,,,,,,1996-97,,,,,,1997-98,,,,,,1998-99,,,,,,1999-00,,,,,,,,,,2000-01,,,,,,,,,,,2001-02,,,,,,,,,,,2002-03,,,,,,,,,,,2003-04,,,,,,,,,,,2004-05,,,,,,,,,,,2005-06,,,,,,,,,,,2006-07,,,,,,,,,,,2007-08,,,,,,,,,,,2008-09,,,,,,,,2009-10,,,,,,,,,,,2010-11,,,,,,,,,,,2011-12,,,,,,,,,,,2012-13,,,,,,,,,,,2013-14,,,,,,,,,,,2014-15,,,,,,,,,,,,,,2015-16,,,,,,,,,,,,,,2016-17,,,,,,,,,,,,,,2017-18,,,,,,,,,,,,,,2018-19,,,,,,,,,,,2019-20,,,,,,,,,,,2020-21,,,,,,,,,,,2021-22,,,,,,,,,,,2022-23,,,,,,,,2023-24,,
Area,nominalHousePrice,realHousePrice,trendInRealHouse,nominalHousePrice,realHousePrice,trendInRealHouse,nominalHousePrice,realHousePrice,trendInRealHouse,nominalHousePrice,realHousePrice,trendInRealHouse,nominalHousePrice,realHousePrice,trendInRealHouse,nominalHousePrice,realHousePrice,trendInRealHouse,nominalHousePrice,realHousePrice,trendInRealHouse,nominalHousePrice,realHousePrice,trendInRealHouse,nominalHousePrice,realHousePrice,trendInRealHouse,nominalHousePrice,realHousePrice,trendInRealHouse,nominalHousePrice,realHousePrice,trendInRealHouse,nominalHousePrice,realHousePrice,trendInRealHouse,nominalHousePrice,realHousePrice,trendInRealHouse,nominalHousePrice,realHousePrice,trendInRealHouse,nominalHousePrice,realHousePrice,trendInRealHouse,nominalHousePrice,realHousePrice,trendInRealHouse,nominalHousePrice,realHousePrice,trendInRealHouse,nominalHousePrice,realHousePrice,trendInRealHouse,nominalHousePrice,realHousePrice,trendInRealHouse,nominalHousePrice,realHousePrice,trendInRealHouse,nominalHousePrice,realHousePrice,trendInRealHouse,houseSales,meanHousePrice,medianHousePrice,nominalHousePrice,realHousePrice,trendInRealHouse,houseSales,meanHousePrice,medianHousePrice,nominalHousePrice,realHousePrice,trendInRealHouse,houseSales,meanHousePrice,medianHousePrice,nominalHousePrice,realHousePrice,trendInRealHouse,houseSales,meanHousePrice,medianHousePrice,nominalHousePrice,realHousePrice,trendInRealHouse,houseSales,meanHousePrice,medianHousePrice,population,meanAnnualSalary,medianAnnualSalary,weeklyRent,nominalHousePrice,realHousePrice,trendInRealHouse,houseSales,meanHousePrice,medianHousePrice,population,meanAnnualSalary,medianAnnualSalary,realAWE,weeklyRent,nominalHousePrice,realHousePrice,trendInRealHouse,houseSales,meanHousePrice,medianHousePrice,population,meanAnnualSalary,medianAnnualSalary,realAWE,weeklyRent,nominalHousePrice,realHousePrice,trendInRealHouse,houseSales,meanHousePrice,medianHousePrice,population,meanAnnualSalary,medianAnnualSalary,realAWE,weeklyRent,nominalHousePrice,realHousePrice,trendInRealHouse,houseSales,meanHousePrice,medianHousePrice,population,meanAnnualSalary,medianAnnualSalary,realAWE,weeklyRent,nominalHousePrice,realHousePrice,trendInRealHouse,houseSales,meanHousePrice,medianHousePrice,population,meanAnnualSalary,medianAnnualSalary,realAWE,weeklyRent,nominalHousePrice,realHousePrice,trendInRealHouse,houseSales,meanHousePrice,medianHousePrice,population,meanAnnualSalary,medianAnnualSalary,realAWE,weeklyRent,nominalHousePrice,realHousePrice,trendInRealHouse,houseSales,meanHousePrice,medianHousePrice,population,meanAnnualSalary,medianAnnualSalary,realAWE,weeklyRent,nominalHousePrice,realHousePrice,trendInRealHouse,houseSales,meanHousePrice,medianHousePrice,population,meanAnnualSalary,medianAnnualSalary,realAWE,weeklyRent,nominalHousePrice,realHousePrice,trendInRealHouse,population,meanAnnualSalary,medianAnnualSalary,realAWE,weeklyRent,nominalHousePrice,realHousePrice,trendInRealHouse,houseSales,meanHousePrice,medianHousePrice,population,meanAnnualSalary,medianAnnualSalary,realAWE,weeklyRent,nominalHousePrice,realHousePrice,trendInRealHouse,houseSales,meanHousePrice,medianHousePrice,population,meanAnnualSalary,medianAnnualSalary,realAWE,weeklyRent,nominalHousePrice,realHousePrice,trendInRealHouse,houseSales,meanHousePrice,medianHousePrice,population,meanAnnualSalary,medianAnnualSalary,realAWE,weeklyRent,nominalHousePrice,realHousePrice,trendInRealHouse,houseSales,meanHousePrice,medianHousePrice,population,meanAnnualSalary,medianAnnualSalary,realAWE,weeklyRent,nominalHousePrice,realHousePrice,trendInRealHouse,houseSales,meanHousePrice,medianHousePrice,population,meanAnnualSalary,medianAnnualSalary,realAWE,weeklyRent,CPIH,CPI,OOH,nominalHousePrice,realHousePrice,trendInRealHouse,houseSales,meanHousePrice,medianHousePrice,population,meanAnnualSalary,medianAnnualSalary,realAWE,weeklyRent,CPIH,CPI,OOH,nominalHousePrice,realHousePrice,trendInRealHouse,houseSales,meanHousePrice,medianHousePrice,population,meanAnnualSalary,medianAnnualSalary,realAWE,weeklyRent,CPIH,CPI,OOH,nominalHousePrice,realHousePrice,trendInRealHouse,houseSales,meanHousePrice,medianHousePrice,population,meanAnnualSalary,medianAnnualSalary,realAWE,weeklyRent,CPIH,CPI,OOH,nominalHousePrice,realHousePrice,trendInRealHouse,houseSales,meanHousePrice,medianHousePrice,population,meanAnnualSalary,medianAnnualSalary,realAWE,weeklyRent,CPIH,CPI,OOH,nominalHousePrice,realHousePrice,trendInRealHouse,population,meanAnnualSalary,medianAnnualSalary,realAWE,weeklyRent,CPIH,CPI,OOH,nominalHousePrice,realHousePrice,trendInRealHouse,population,meanAnnualSalary,medianAnnualSalary,realAWE,weeklyRent,CPIH,CPI,OOH,nominalHousePrice,realHousePrice,trendInRealHouse,population,meanAnnualSalary,medianAnnualSalary,realAWE,weeklyRent,CPIH,CPI,OOH,nominalHousePrice,realHousePrice,trendInRealHouse,population,meanAnnualSalary,medianAnnualSalary,realAWE,weeklyRent,CPIH,CPI,OOH,nominalHousePrice,realHousePrice,trendInRealHouse,realAWE,weeklyRent,CPIH,CPI,OOH
City of London,,,,,,,,,,,,,,,,,,,,,,,,,,,,,,,,,,,,,,,,,,,,,,,,,,,,,,,,,,,,,,,,165,"146,043","105,000",,,,284,"136,344","124,250",,,,328,"156,418","135,000",,,,436,"227,377","169,250",,,,545,"232,854","180,000","10,000","109,800","40,400",58.58,,,,441,"255,964","200,000","10,000","137,000","65,000",,58.7,,,,373,"266,277","237,500","12,000","92,900","38,300",,60.43,,,,393,"270,879","250,000","11,000","78,700","37,000",,63.12,,,,483,"322,733","285,000","10,000","85,800","39,200",,65.54,,,,378,"292,696","280,000","10,000","95,600","44,400",,68.36,,,,306,"329,697","310,000","10,000","90,600","49,300",,66.7,,,,300,"374,654","337,500","10,000","99,200","49,000",,65.39,,,,270,"490,706","416,250","10,000","102,000","58,500",,69.98,,,,143,"412,940","365,000",,73.07,,,,159,"449,611","400,000","9,000","137,000","61,900",,75.34,,,,237,"524,581","450,000","8,000","127,000","61,300",,76.64,,,,256,"541,192","465,000","8,000","117,000","51,600",,83,,,,197,"537,160","485,000","9,000","131,000","58,300",,90.16,,,,427,"775,504","615,000","9,000","151,000","65,300",,112.15,,,,,,,316,"894,046","769,100","9,000","144,000","61,100",,100.69,,,,,,,282,"926,292","800,000","10,000","142,000","60,000",,104.73,,,,,,,137,"928,037","831,400","12,000","157,000","57,300",,105.66,,,,,,,203,"950,760","835,000","11,000","148,000","60,000",,104.62,,,,,,,"12,000","142,000","55,200",,100.51,,,,,,,"12,000","128,000","54,200",,103.08,,,,,,,"10,000","142,000","56,700",,106.01,,,,,,,"9,000","167,000","62,200",,107.87,,,,,,,,112.64,,,
Barking and Dagenham,,,,,,,,,,,,,,,,,,,,,,,,,,,,,,,,,,,,,,,,,,,,,,,,,,,,,,,,,,,,,,,,"1,488","50,615","49,000",,,,"1,894","51,680","49,995",,,,"2,443","56,222","53,500",,,,"2,516","63,874","59,995",,,,"2,699","69,544","65,000","62,000","16,200","15,100",49.68,,,,"2,834","84,111","78,000"," 71,000 "," 18,100 "," 15,600 ",,52.24,,,,"3,227","94,451","89,500","56,000","18,600","16,200",,54.52,,,,"3,468","118,795","115,250","67,000","19,100","17,000",,57.56,,,,"3,638","145,661","140,000","67,000","18,800","17,400",,58.42,,,,"3,638","163,828","159,995","77,000","19,400","16,600",,60.7,,,,"2,901","169,663","163,000","83,000","20,600","17,900",,63.06,,,,"3,682","175,139","167,998","77,000","20,600","17,600",,66.13,,,,"4,016","192,859","185,000","78,000","21,300","18,600",,71.07,,,,"1,710","196,942","190,000",,74.05,,,,"1,266","166,483","160,000","76,000","23,100","19,400",,72.7,,,,"1,459","179,018","170,000","69,000","22,500","19,400",,73.97,,,,"1,463","180,165","170,000","73,000","22,800","19,600",,79.3,,,,"1,346","181,471","174,000","74,000","23,700","20,100",,88.29,,,,"1,743","187,943","180,995","77,000","24,600","21,000",,90.39,,,,,,,"2,123","215,810","215,000","74,000","25,500","21,800",,91.99,,,,,,,"2,240","244,126","245,500","83,000","25,900","22,100",,98.58,,,,,,,"2,063","289,176","290,000","88,000","26,700","23,300",,.,,,,,,,"1,880","301,518","300,000","85,000","27,400","23,900",,97.27,,,,,,,"85,000","28,800","25,200",,94.89,,,,,,,"85,000","29,400","25,700",,95.52,,,,,,,"87,000","30,800","26,800",,97.02,,,,,,,"90,000","31,800","28,000",,96.88,,,,,,,,102.74,,,
Barnet,,,,,,,,,,,,,,,,,,,,,,,,,,,,,,,,,,,,,,,,,,,,,,,,,,,,,,,,,,,,,,,,"4,758","111,019","85,125",,,,"6,254","111,203","87,000",,,,"6,853","135,580","100,000",,,,"6,500","147,673","113,995",,,,"7,616","173,356","135,000","161,000","26,800","18,700",55.35,,,,"6,648","199,147","159,000"," 156,000 "," 30,800 "," 19,400 ",,56.92,,,,"6,942","220,955","174,975","159,000","30,400","18,700",,57.78,,,,"7,447","257,942","207,000","150,000","32,300","19,700",,61.9,,,,"6,313","284,178","233,000","150,000","33,900","20,000",,62.24,,,,"6,798","306,902","249,000","155,000","32,800","19,900",,64.83,,,,"5,459","318,450","250,000","161,000","35,600","21,200",,67.76,,,,"6,832","341,937","273,000","173,000","36,700","20,400",,70.98,,,,"6,950","380,566","295,000","173,000","38,700","22,000",,75.08,,,,"3,493","387,784","280,000",,79.55,,,,"3,214","382,143","290,000","167,000","41,600","24,300",,81.77,,,,"4,209","444,386","325,000","176,000","38,800","24,100",,83.17,,,,"3,949","440,755","325,000","179,000","39,200","24,200",,95.75,,,,"4,085","450,269","330,000","172,000","41,000","25,800",,98.27,,,,"4,746","479,968","345,000","167,000","45,500","26,800",,98.29,,,,,,,"4,915","534,786","400,000","175,000","45,800","27,100",,101.05,,,,,,,"4,966","566,874","450,000","178,000","49,000","27,700",,103.36,,,,,,,"4,927","584,202","476,500","180,000","48,600","28,800",,102.92,,,,,,,"3,769","667,593","533,500","188,000","49,500","28,700",,102.75,,,,,,,"188,000","51,600","29,900",,102.52,,,,,,,"192,000","51,600","30,700",,101.37,,,,,,,"189,000","54,400","32,200",,104.61,,,,,,,"190,000","59,100","33,500",,107.27,,,,,,,,113.48,,,
Bexley,,,,,,,,,,,,,,,,,,,,,,,,,,,,,,,,,,,,,,,,,,,,,,,,,,,,,,,,,,,,,,,,"3,430","66,294","62,000",,,,"3,987","69,941","65,000",,,,"4,742","75,484","71,000",,,,"4,301","85,497","79,000",,,,"5,101","94,395","86,000","105,000","20,500","17,200",LSVT,,,,"4,411","109,347","98,500"," 116,000 "," 19,800 "," 17,300 ",,LSVT,,,,"5,312","126,216","116,973","112,000","22,000","18,300",,LSVT,,,,"5,771","151,225","139,500","114,000","21,500","17,800",,LSVT,,,,"5,231","174,984","163,000","113,000","21,900","17,700",,LSVT,,,,"5,102","188,354","175,000","124,000","22,300","17,700",,LSVT,,,,"4,079","194,798","183,000","121,000","24,000","19,400",,LSVT,,,,"5,035","209,006","195,000","123,000","24,600","19,600",,LSVT,,,,"5,051","223,771","212,000","123,000","26,700","19,800",,LSVT,,,,"2,501","219,495","210,000",,LSVT,,,,"2,187","209,521","196,000","117,000","27,600","22,100",,LSVT,,,,"2,478","226,616","215,000","114,000","27,400","22,600",,LSVT,,,,"2,554","226,283","215,000","114,000","28,300","22,300",,LSVT,,,,"2,878","225,465","210,000","115,000","28,600","23,100",,LSVT,,,,"3,350","236,952","225,000","118,000","29,600","24,400",,LSVT,,,,,,,"3,872","267,268","250,000","122,000","30,200","24,400",,LSVT,,,,,,,"3,821","295,262","285,000","127,000","30,900","24,500",,LSVT,,,,,,,"3,371","340,626","328,000","125,000","32,300","26,100",,LSVT,,,,,,,"3,161","357,779","342,500","122,000","33,500","26,900",,LSVT,,,,,,,"130,000","34,600","26,900",,LSVT,,,,,,,"126,000","36,000","28,000",,..,,,,,,,"126,000","36,400","28,800",,..,,,,,,,"135,000","38,000","29,300",,..,,,,,,,,..,,,
Brent,,,,,,,,,,,,,,,,,,,,,,,,,,,,,,,,,,,,,,,,,,,,,,,,,,,,,,,,,,,,,,,,"3,473","77,258","68,000",,,,"3,832","82,824","73,000",,,,"4,343","96,499","83,500",,,,"4,373","111,868","96,000",,,,"4,733","125,958","112,000","122,000","20,000","16,500",72.59,,,,"4,538","154,194","139,000"," 130,000 "," 22,200 "," 16,800 ",,72.81,,,,"4,837","175,865","158,000","127,000","21,100","16,500",,74.48,,,,"4,915","210,014","187,000","116,000","21,700","16,400",,74.15,,,,"4,318","230,062","210,000","119,000","22,500","16,800",,74.28,,,,"4,154","249,534","223,500","137,000","21,800","16,500",,77.03,,,,"3,330","266,301","240,000","135,000","23,200","17,600",,79.87,,,,"4,004","284,109","249,950","144,000","24,600","18,200",,78.64,,,,"4,351","321,197","280,000","161,000","24,700","18,300",,83.32,,,,"2,096","328,763","275,000",,86.83,,,,"1,601","322,691","275,000","145,000","26,100","19,600",,87.48,,,,"2,427","345,055","283,000","146,000","26,700","19,700",,88.35,,,,"2,218","360,423","300,000","149,000","27,400","20,200",,95.08,,,,"2,076","395,126","322,500","144,000","28,300","20,600",,104.52,,,,"2,439","429,877","347,500","150,000","29,700","21,300",,112.81,,,,,,,"2,850","468,859","385,000","147,000","31,200","22,700",,114.53,,,,,,,"2,927","506,322","415,000","154,000","32,600","23,200",,113.62,,,,,,,"2,864","517,497","445,000","155,000","34,100","24,100",,112.71,,,,,,,"1,979","578,705","499,950","155,000","35,400","24,700",,113.66,,,,,,,"159,000","36,300","25,600",,113.25,,,,,,,"155,000","37,800","26,200",,112.66,,,,,,,"152,000","40,400","27,200",,116.07,,,,,,,"149,000","44,100","30,000",,120.29,,,,,,,,125.32,,,
Bromley,,,,,,,,,,,,,,,,,,,,,,,,,,,,,,,,,,,,,,,,,,,,,,,,,,,,,,,,,,,,,,,,"4,798","93,441","76,625",,,,"6,483","97,597","80,000",,,,"7,353","105,027","86,000",,,,"6,212","118,048","99,995",,,,"7,246","138,486","116,500","163,000","25,100","18,500",LSVT,,,,"6,636","164,025","135,000","167,000","26,400","19,500",,LSVT,,,,"7,606","182,176","152,725","164,000","27,400","19,100",,LSVT,,,,"8,163","209,252","176,820","160,000","27,700","20,100",,LSVT,,,,"6,958","238,066","205,000","150,000","29,200","21,400",,LSVT,,,,"7,602","259,452","225,000","169,000","29,200","20,900",,LSVT,,,,"6,399","267,788","230,000","173,000","31,400","22,400",,LSVT,,,,"8,472","282,058","242,500","177,000","32,800","23,000",,LSVT,,,,"8,069","316,391","260,000","181,000","34,400","23,200",,LSVT,,,,"3,788","304,375","250,000",,LSVT,,,,"3,947","301,946","249,000","163,000","36,500","24,900",,LSVT,,,,"4,413","327,306","275,000","161,000","35,900","25,800",,LSVT,,,,"4,363","336,236","275,000","168,000","36,400","25,100",,LSVT,,,,"4,854","333,020","277,500","169,000","37,200","26,900",,LSVT,,,,"5,458","354,045","295,000","173,000","39,000","27,200",,LSVT,,,,,,,"6,076","397,487","335,000","168,000","40,400","28,100",,LSVT,,,,,,,"5,957","441,675","375,000","171,000","43,500","29,800",,LSVT,,,,,,,"5,242","478,142","420,000","172,000","44,000","30,400",,LSVT,,,,,,,"4,663","502,623","440,000","174,000","45,500","32,000",,LSVT,,,,,,,"177,000","46,600","32,800",,LSVT,,,,,,,"176,000","48,200","33,700",,..,,,,,,,"177,000","49,300","33,800",,..,,,,,,,"176,000","54,500","35,800",,..,,,,,,,,202.01,,,
Camden,,,,,,,,,,,,,,,,,,,,,,,,,,,,,,,,,,,,,,,,,,,,,,,,,,,,,,,,,,,,,,,,"2,823","151,364","114,000",,,,"3,688","168,988","127,500",,,,"4,086","193,421","145,000",,,,"3,664","220,291","160,000",,,,"4,083","248,232","190,000","85,000","39,000","20,500",59.77,,,,"3,582","311,696","235,000","107,000","40,000","19,700",,62.92,,,,"3,702","339,288","249,995","101,000","42,800","19,800",,65.3,,,,"3,947","377,033","279,950","96,000","43,000","21,700",,68.93,,,,"3,221","377,836","273,000","90,000","45,700","21,300",,69.79,,,,"3,833","411,840","305,000","97,000","50,200","23,200",,68.18,,,,"3,395","440,809","325,000","97,000","56,200","24,200",,72.14,,,,"4,210","492,802","357,500","101,000","60,200","25,900",,75.28,,,,"3,690","562,205","410,000","107,000","69,800","26,900",,78.6,,,,"2,093","656,935","440,000",,81.9,,,,"2,222","600,683","417,500","103,000","68,900","28,400",,84.51,,,,"2,769","716,429","478,500","101,000","67,100","29,400",,85.64,,,,"2,650","724,250","483,500","104,000","69,300","30,400",,91.54,,,,"2,432","780,751","500,000","105,000","71,200","31,600",,103.96,,,,"2,936","836,170","585,000","99,000","78,900","32,000",,103.96,,,,,,,"2,724","966,927","675,000","104,000","79,200","33,100",,109.79,,,,,,,"2,450","1,040,035","705,000","103,000","85,000","34,400",,114.72,,,,,,,"2,145","1,063,248","735,000","103,000","88,000","35,500",,113.57,,,,,,,"2,128","1,099,876","760,000","101,000","92,600","37,300",,113.03,,,,,,,"106,000","87,400","35,600",,112.59,,,,,,,"104,000","96,900","38,200",,111.03,,,,,,,"100,000","107,000","38,900",,113.88,,,,,,,"108,000","119,000","38,900",,115.4,,,,,,,,120.40,,,
Croydon,,,,,,,,,,,,,,,,,,,,,,,,,,,,,,,,,,,,,,,,,,,,,,,,,,,,,,,,,,,,,,,,"5,232","71,800","60,000",,,,"6,489","75,678","64,500",,,,"7,511","83,343","71,000",,,,"7,383","94,296","79,000",,,,"8,003","107,094","89,000","152,000","21,500","16,700",64.2,,,,"6,154","128,084","110,000","162,000","22,100","17,300",,67.95,,,,"7,000","144,254","126,000","153,000","23,500","18,300",,65.69,,,,"8,619","172,274","150,100","166,000","23,400","18,000",,69.05,,,,"7,652","196,228","172,000","165,000","23,300","19,000",,65.53,,,,"7,709","209,354","185,000","175,000","24,300","18,600",,67.89,,,,"6,339","218,049","194,500","173,000","25,800","19,600",,70.48,,,,"8,163","230,773","205,000","171,000","27,200","20,700",,73.68,,,,"8,271","247,869","222,500","179,000","28,100","20,900",,79.19,,,,"3,900","253,571","226,500",,81.57,,,,"3,393","233,442","200,000","166,000","29,700","23,100",,84.33,,,,"3,643","254,458","220,000","173,000","29,000","22,000",,85.12,,,,"3,512","256,219","220,000","171,000","29,700","22,700",,95.81,,,,"3,634","262,587","230,000","174,000","30,700","23,900",,100.13,,,,"4,811","271,891","239,950","173,000","31,800","24,300",,104.99,,,,,,,"5,841","300,572","265,000","176,000","32,600","25,100",,107.37,,,,,,,"5,617","340,768","306,000","178,000","34,200","26,300",,106.64,,,,,,,"5,177","372,054","338,000","186,000","33,800","25,600",,105.46,,,,,,,"4,725","399,645","365,000","183,000","35,600","27,500",,104.42,,,,,,,"187,000","36,500","27,800",,103.4,,,,,,,"184,000","37,800","29,400",,103.48,,,,,,,"189,000","38,300","29,100",,106.24,,,,,,,"192,000","40,900","30,400",,108.71,,,,,,,,113.18,,,
Ealing,,,,,,,,,,,,,,,,,,,,,,,,,,,,,,,,,,,,,,,,,,,,,,,,,,,,,,,,,,,,,,,,"4,068","91,045","75,000",,,,"5,169","97,595","80,000",,,,"5,963","112,582","90,000",,,,"5,727","126,671","103,000",,,,"6,268","153,236","125,000","130,000","22,800","16,400",60.85,,,,"5,387","176,993","145,000","149,000","23,800","17,000",,63.26,,,,"6,156","196,261","163,000","141,000","25,200","17,500",,65.82,,,,"6,348","227,974","190,000","141,000","25,400","18,900",,67.77,,,,"5,858","238,760","210,000","135,000","26,100","19,400",,64.2,,,,"6,089","260,325","231,000","154,000","26,500","19,100",,66.52,,,,"4,950","271,985","235,000","165,000","26,900","19,000",,69.01,,,,"6,564","292,639","248,000","159,000","28,700","19,900",,73.68,,,,"6,237","327,798","270,000","169,000","30,000","20,200",,77.45,,,,"2,783","327,502","270,000",,78.67,,,,"2,398","328,818","257,750","156,000","32,400","21,800",,82.02,,,,"3,213","350,588","279,275","166,000","30,700","20,800",,82.02,,,,"3,035","375,143","293,000","162,000","32,000","21,300",,86.14,,,,"3,253","397,675","310,000","163,000","32,600","22,700",,92.89,,,,"3,806","427,847","326,000","166,000","34,500","23,200",,92.45,,,,,,,"3,378","501,526","387,775","167,000","35,300","24,600",,95.19,,,,,,,"3,486","524,967","432,000","175,000","37,000","24,900",,97.45,,,,,,,"3,060","553,669","465,000","177,000","37,300","26,100",,96.47,,,,,,,"2,527","578,110","485,000","170,000","39,700","26,700",,95.81,,,,,,,"173,000","39,800","26,400",,95.83,,,,,,,"170,000","42,700","28,200",,95.46,,,,,,,"172,000","44,100","29,500",,98.34,,,,,,,"178,000","46,800","30,900",,100.12,,,,,,,,104.08,,,
Enfield,,,,,,,,,,,,,,,,,,,,,,,,,,,,,,,,,,,,,,,,,,,,,,,,,,,,,,,,,,,,,,,,"4,772","78,510","66,000",,,,"5,539","82,956","69,995",,,,"6,166","95,078","78,000",,,,"6,174","102,483","85,000",,,,"6,631","113,881","94,000","124,000","21,500","16,100",55.55,,,,"5,830","133,086","114,000","123,000","20,800","15,900",,57.93,,,,"7,155","154,918","130,000","128,000","23,100","17,500",,62.75,,,,"7,332","178,250","153,000","121,000","24,100","18,100",,65.74,,,,"6,383","205,939","180,000","119,000","24,200","18,200",,64.87,,,,"6,273","220,110","193,000","132,000","23,900","17,000",,66.72,,,,"5,102","228,931","200,000","132,000","25,800","18,900",,69.05,,,,"6,376","244,472","210,000","139,000","27,100","19,500",,72.05,,,,"6,484","267,817","233,000","145,000","28,100","19,900",,76.93,,,,"3,120","271,592","234,600",,79.1,,,,"2,570","266,596","225,000","134,000","30,600","22,100",,81.06,,,,"2,910","284,303","241,000","135,000","29,000","20,900",,81.27,,,,"2,734","285,335","240,000","135,000","30,400","22,300",,86.3,,,,"2,805","295,101","248,000","143,000","30,800","22,700",,92.44,,,,"3,368","309,261","250,000","136,000","32,900","23,900",,96.1,,,,,,,"3,687","350,007","285,000","137,000","34,400","25,300",,102.75,,,,,,,"3,505","389,903","331,000","139,000","34,600","25,100",,101.78,,,,,,,"3,061","450,294","385,000","144,000","34,600","25,400",,100.97,,,,,,,"2,612","463,806","402,500","144,000","36,200","26,300",,100.38,,,,,,,"143,000","37,200","27,300",,101.06,,,,,,,"145,000","39,500","28,300",,100.97,,,,,,,"137,000","40,700","29,500",,104.28,,,,,,,"142,000","42,800","29,900",,106.25,,,,,,,,110.95,,,
Greenwich,,,,,,,,,,,,,,,,,,,,,,,,,,,,,,,,,,,,,,,,,,,,,,,,,,,,,,,,,,,,,,,,"2,540","73,079","61,500",,,,"3,010","76,051","64,000",,,,"3,443","82,966","66,000",,,,"3,490","93,892","75,000",,,,"4,316","111,953","90,000","86,000","20,700","16,600",56.25,,,,"3,857","130,980","106,500","95,000","22,400","16,000",,54.65,,,,"4,840","148,821","123,995","91,000","24,000","18,600",,59,,,,"5,465","176,529","150,000","95,000","22,900","17,000",,60.93,,,,"5,003","194,558","169,995","91,000","23,300","17,800",,63.87,,,,"5,692","208,339","180,000","108,000","23,100","17,100",,64.96,,,,"4,734","225,123","200,000","109,000","25,500","18,200",,67.44,,,,"5,296","237,557","209,995","118,000","27,400","19,200",,70.55,,,,"5,225","260,342","224,000","118,000","29,900","20,500",,75.87,,,,"2,429","267,688","230,000",,78.44,,,,"1,969","264,755","220,000","113,000","32,800","21,400",,80.58,,,,"2,243","296,528","245,000","111,000","30,000","21,300",,81.55,,,,"2,570","296,637","249,995","117,000","31,000","21,800",,87.07,,,,"2,850","293,544","245,000","115,000","31,500","22,600",,93.44,,,,"3,485","330,113","275,000","110,000","34,200","23,500",,97.46,,,,,,,"4,433","369,977","317,500","119,000","34,800","24,600",,102.18,,,,,,,"4,060","401,116","351,000","121,000","37,300","25,600",,104.62,,,,,,,"3,769","445,432","395,000","132,000","37,500","26,000",,103.58,,,,,,,"3,305","462,820","420,000","124,000","40,200","27,600",,90.71,,,,,,,"135,000","41,300","27,400",,89.9,,,,,,,"127,000","44,700","30,100",,89.18,,,,,,,"132,000","46,400","30,600",,92,,,,,,,"136,000","48,900","31,800",,94.27,,,,,,,,98.93,,,
Hackney,,,,,,,,,,,,,,,,,,,,,,,,,,,,,,,,,,,,,,,,,,,,,,,,,,,,,,,,,,,,,,,,"1,774","71,607","61,975",,,,"2,128","75,653","66,000",,,,"2,902","89,193","76,998",,,,"3,034","103,205","87,500",,,,"3,165","128,381","113,000","79,000","18,700","14,400",56.62,,,,"2,826","155,478","135,000","78,000","20,000","15,800",,58.47,,,,"3,401","178,984","160,000","72,000","22,400","17,700",,61.71,,,,"3,743","204,119","180,000","76,000","21,300","17,300",,64.72,,,,"2,851","224,569","195,000","73,000","21,500","17,000",,59.19,,,,"3,413","236,936","215,000","86,000","22,900","18,000",,61.33,,,,"2,607","249,624","220,000","92,000","24,600","19,300",,65,,,,"3,479","275,795","245,000","99,000","25,300","18,400",,67.81,,,,"3,632","313,566","264,000","93,000","27,900","20,900",,72.22,,,,"1,740","318,166","265,000",,74.67,,,,"1,882","313,700","275,000","102,000","29,800","22,200",,78.84,,,,"2,228","345,288","290,500","99,000","29,500","22,300",,79.31,,,,"2,246","354,522","310,000","101,000","31,200","23,300",,88.83,,,,"2,630","379,410","325,000","101,000","32,700","24,300",,91.23,,,,"2,708","430,254","375,000","100,000","36,300","26,000",,95,,,,,,,"2,845","501,633","430,000","106,000","37,100","26,000",,99.41,,,,,,,"2,831","564,761","490,000","109,000","40,200","27,800",,102.57,,,,,,,"2,464","602,843","535,250","109,000","40,600","28,000",,101.55,,,,,,,"2,130","614,955","530,000","112,000","43,100","29,400",,100.55,,,,,,,"116,000","44,900","29,600",,99.97,,,,,,,"111,000","47,200","32,400",,98.18,,,,,,,"109,000","49,400","32,800",,101.58,,,,,,,"123,000","52,500","34,300",,103.29,,,,,,,,107.67,,,
Hammersmith and Fulham,,,,,,,,,,,,,,,,,,,,,,,,,,,,,,,,,,,,,,,,,,,,,,,,,,,,,,,,,,,,,,,,"3,038","137,774","109,500",,,,"3,987","150,521","122,000",,,,"4,242","176,577","136,000",,,,"3,586","197,311","159,950",,,,"4,339","240,838","191,500","72,000","34,900","19,900",57.98,,,,"3,649","281,619","222,000","87,000","35,400","19,300",,59.13,,,,"3,688","306,977","245,000","83,000","37,500","21,000",,61.37,,,,"4,082","345,434","265,000","86,000","35,800","20,800",,63.97,,,,"3,409","357,956","280,000","83,000","36,200","19,600",,64.8,,,,"3,784","386,124","300,250","95,000","38,300","20,800",,68.02,,,,"3,244","418,105","325,000","87,000","43,100","23,000",,71.19,,,,"4,181","453,325","350,000","92,000","46,200","22,800",,74.6,,,,"3,858","534,857","415,000","103,000","48,600","23,600",,81.42,,,,"1,664","565,249","435,000",,82.78,,,,"1,953","555,613","420,000","93,000","52,900","26,700",,85.3,,,,"2,508","622,446","460,000","96,000","52,000","27,100",,86.42,,,,"2,718","638,126","465,000","98,000","52,700","27,600",,92.19,,,,"2,626","675,674","490,000","93,000","54,300","27,600",,92.6,,,,"3,005","766,921","561,440","93,000","61,300","30,100",,99.31,,,,,,,"2,809","886,074","661,000","92,000","62,000","30,100",,106.29,,,,,,,"2,413","940,897","730,000","97,000","69,700","32,000",,109.44,,,,,,,"2,163","940,225","730,000","102,000","66,600","32,300",,108.34,,,,,,,"2,016","972,231","777,475","94,000","73,200","33,200",,107.94,,,,,,,"99,000","72,600","34,100",,107.48,,,,,,,"95,000","75,900","35,800",,104.02,,,,,,,"93,000","77,800","36,200",,106.87,,,,,,,"98,000","83,600","37,000",,109.3,,,,,,,,113.21,,,
Haringey,,,,,,,,,,,,,,,,,,,,,,,,,,,,,,,,,,,,,,,,,,,,,,,,,,,,,,,,,,,,,,,,"3,373","89,630","66,500",,,,"3,900","102,676","71,850",,,,"4,548","106,794","81,000",,,,"4,172","123,957","91,000",,,,"4,744","143,404","110,000","124,000","20,600","15,000",58.94,,,,"4,191","169,316","130,000","116,000","24,500","16,600",,60.48,,,,"4,591","193,583","150,000","90,000","28,000","19,100",,62.14,,,,"4,634","226,533","180,000","95,000","26,000","17,100",,65.32,,,,"3,905","237,220","192,500","102,000","26,100","18,800",,62.83,,,,"4,436","259,485","213,000","104,000","27,900","18,300",,65.44,,,,"3,536","274,262","224,998","117,000","29,500","18,800",,68.74,,,,"4,672","305,233","237,500","114,000","32,500","19,000",,72.14,,,,"4,347","352,754","267,500","124,000","31,900","19,800",,76.95,,,,"2,032","346,868","250,000",,79.71,,,,"1,870","350,064","250,000","118,000","35,100","21,800",,82.53,,,,"2,347","395,977","290,000","123,000","32,900","21,500",,83.43,,,,"2,306","411,253","303,000","116,000","34,600","22,200",,87.5,,,,"2,461","416,303","315,000","124,000","35,400","23,300",,94.02,,,,"2,657","481,674","339,800","122,000","39,100","24,400",,98.48,,,,,,,"2,850","542,902","405,000","126,000","39,500","25,800",,103.27,,,,,,,"2,692","569,499","439,498","131,000","41,700","25,600",,107.12,,,,,,,"2,288","606,629","460,000","138,000","39,900","25,100",,106.44,,,,,,,"1,888","683,987","540,000","138,000","43,800","27,100",,105.56,,,,,,,"130,000","46,300","27,400",,104.63,,,,,,,"129,000","48,600","28,300",,103.72,,,,,,,"122,000","50,200","30,000",,104.78,,,,,,,"128,000","57,100","31,300",,106.83,,,,,,,,111.30,,,
Harrow,,,,,,,,,,,,,,,,,,,,,,,,,,,,,,,,,,,,,,,,,,,,,,,,,,,,,,,,,,,,,,,,"2,847","90,114","79,950",,,,"3,613","94,547","82,500",,,,"4,018","109,330","94,159",,,,"3,871","123,547","107,500",,,,"4,495","142,317","124,000","96,000","23,300","16,600",66.77,,,,"3,972","168,105","147,250","99,000","25,700","19,300",,68.65,,,,"4,351","185,011","165,000","100,000","26,500","19,300",,70.67,,,,"4,534","221,864","197,475","106,000","26,900","19,400",,73.35,,,,"4,240","254,590","230,000","103,000","26,300","19,600",,75.38,,,,"4,034","271,431","245,000","114,000","26,800","19,600",,77.36,,,,"3,313","281,710","249,000","116,000","29,200","20,700",,77.37,,,,"4,326","295,528","250,000","119,000","30,800","21,400",,77.36,,,,"4,024","320,820","280,000","120,000","32,400","22,100",,78.71,,,,"2,188","314,681","275,000",,81.06,,,,"1,946","290,911","250,000","119,000","33,300","22,800",,84,,,,"2,263","331,517","291,000","125,000","31,100","22,300",,86.6,,,,"2,168","343,717","294,000","122,000","32,400","23,000",,95.7,,,,"2,269","343,714","302,000","124,000","33,300","24,000",,102.08,,,,"2,551","369,829","325,000","122,000","36,000","25,200",,107.06,,,,,,,"2,714","427,077","370,000","120,000","37,000","26,100",,112.5,,,,,,,"2,931","461,919","400,000","130,000","38,500","26,300",,114.99,,,,,,,"2,239","504,811","460,000","128,000","38,400","27,300",,113.8,,,,,,,"1,946","527,206","500,000","129,000","39,000","27,600",,113.08,,,,,,,"131,000","39,300","27,600",,112.13,,,,,,,"130,000","41,500","29,500",,112.23,,,,,,,"123,000","42,800","30,200",,115.53,,,,,,,"125,000","46,500","32,300",,117.27,,,,,,,,122.86,,,
Havering,,,,,,,,,,,,,,,,,,,,,,,,,,,,,,,,,,,,,,,,,,,,,,,,,,,,,,,,,,,,,,,,"3,186","75,226","66,375",,,,"3,826","79,625","68,500",,,,"4,272","84,998","74,000",,,,"3,718","95,269","82,500",,,,"4,359","106,996","90,000","105,000","20,400","14,800",46.83,,,,"3,805","122,976","110,000","129,000","21,400","17,000",,48.26,,,,"4,694","136,554","122,500","114,000","22,200","17,400",,49.21,,,,"4,928","163,234","145,000","124,000","22,700","18,300",,52.67,,,,"4,539","192,244","173,995","121,000","22,800","18,100",,53.43,,,,"4,861","208,511","188,000","125,000","23,100","18,600",,55.19,,,,"3,989","219,961","195,000","135,000","25,000","20,200",,55.73,,,,"5,110","227,975","205,000","132,000","26,100","20,400",,58.59,,,,"5,434","246,249","222,500","133,000","27,100","20,800",,62.71,,,,"2,637","246,272","222,500",,66.39,,,,"2,413","225,795","200,000","123,000","29,700","22,000",,68.45,,,,"2,734","257,191","221,000","123,000","29,000","22,500",,69.73,,,,"2,593","248,856","220,000","125,000","30,400","22,700",,75.03,,,,"2,818","245,160","221,000","128,000","30,600","23,500",,81.23,,,,"3,548","257,481","232,250","122,000","31,300","24,700",,86.79,,,,,,,"4,152","284,185","250,000","124,000","32,100","24,900",,90.64,,,,,,,"4,143","317,807","287,500","128,000","33,600","26,000",,90.64,,,,,,,"3,730","358,601","332,000","128,000","33,900","26,100",,98.23,,,,,,,"3,474","387,535","350,000","130,000","35,700","27,900",,98.15,,,,,,,"131,000","37,100","29,700",,.,,,,,,,"130,000","38,100","29,800",,96.5,,,,,,,"136,000","38,000","29,000",,100.62,,,,,,,"135,000","40,000","29,800",,102.87,,,,,,,,107.85,,,
Hillingdon,,,,,,,,,,,,,,,,,,,,,,,,,,,,,,,,,,,,,,,,,,,,,,,,,,,,,,,,,,,,,,,,"3,478","81,489","71,000",,,,"4,848","84,197","72,500",,,,"5,080","93,055","79,925",,,,"4,958","103,077","89,000",,,,"5,945","119,189","104,950","111,000","21,700","16,100",66.71,,,,"5,114","141,787","124,950","130,000","20,900","17,100",,68.8,,,,"4,712","158,026","140,000","113,000","23,600","17,600",,70.82,,,,"5,773","183,959","166,950","118,000","24,000","18,800",,72.4,,,,"5,551","210,379","190,000","117,000","23,800","18,900",,74.13,,,,"5,588","223,758","210,000","123,000","25,200","20,400",,76.06,,,,"4,504","233,399","218,250","126,000","26,300","20,200",,78.07,,,,"5,469","253,091","230,000","128,000","27,600","21,200",,80.88,,,,"5,465","271,401","245,000","133,000","27,900","21,800",,84.28,,,,"3,076","268,423","245,000",,86.09,,,,"2,590","255,440","230,000","131,000","29,300","23,000",,88.71,,,,"3,094","282,348","249,999","134,000","28,400","21,900",,89.98,,,,"3,370","288,639","249,950","139,000","30,000","23,500",,95.22,,,,"3,301","296,744","250,000","136,000","30,100","23,200",,101,,,,"3,332","306,450","269,950","139,000","31,300","23,600",,104.53,,,,,,,"3,690","348,123","305,750","139,000","32,300","25,300",,110.62,,,,,,,"3,722","393,842","352,250","145,000","33,900","25,900",,109.99,,,,,,,"3,294","439,746","400,000","145,000","34,300","26,200",,108.95,,,,,,,"3,117","452,272","415,000","142,000","35,900","27,100",,108.05,,,,,,,"141,000","36,800","28,100",,109.02,,,,,,,"145,000","37,300","28,100",,108.48,,,,,,,"142,000","38,200","28,400",,111.47,,,,,,,"144,000","41,600","30,600",,113.67,,,,,,,,117.25,,,
Hounslow,,,,,,,,,,,,,,,,,,,,,,,,,,,,,,,,,,,,,,,,,,,,,,,,,,,,,,,,,,,,,,,,"3,497","89,489","73,000",,,,"3,961","92,155","73,000",,,,"4,512","101,768","80,000",,,,"3,534","123,952","95,000",,,,"4,246","143,128","113,000","106,000","20,900","15,200",52.89,,,,"4,106","169,888","130,000","121,000","22,400","16,600",,55.85,,,,"4,518","189,187","148,500","101,000","23,800","16,500",,57.91,,,,"4,928","214,367","174,950","105,000","24,500","18,600",,61.25,,,,"4,610","235,931","200,000","104,000","24,800","18,900",,62.2,,,,"4,674","247,790","215,000","118,000","25,500","18,400",,64.8,,,,"3,653","260,221","220,000","117,000","26,900","18,800",,67.47,,,,"4,803","287,101","235,000","124,000","27,800","19,100",,70.84,,,,"4,831","311,925","249,995","129,000","29,000","20,400",,75.95,,,,"2,329","314,107","249,000",,77.89,,,,"1,836","314,530","240,000","124,000","31,800","22,000",,77.42,,,,"2,476","342,719","249,950","136,000","30,800","21,600",,78.73,,,,"2,319","363,455","250,000","133,000","32,400","21,800",,84.35,,,,"2,386","358,795","265,000","133,000","32,200","22,400",,91.36,,,,"2,845","397,806","280,000","130,000","35,800","23,700",,97.76,,,,,,,"3,219","427,360","319,950","129,000","36,800","24,700",,101.45,,,,,,,"3,205","462,024","355,000","135,000","38,400","25,000",,105.22,,,,,,,"2,867","476,268","380,000","140,000","39,900","26,100",,104.6,,,,,,,"2,445","507,876","395,000","135,000","40,300","26,400",,106.5,,,,,,,"140,000","42,000","27,800",,.,,,,,,,"136,000","41,700","27,500",,102.52,,,,,,,"135,000","43,000","28,500",,105.29,,,,,,,"140,000","45,400","29,300",,107.18,,,,,,,,111.77,,,
Islington,,,,,,,,,,,,,,,,,,,,,,,,,,,,,,,,,,,,,,,,,,,,,,,,,,,,,,,,,,,,,,,,"1,768","119,917","95,000",,,,"2,425","124,792","102,250",,,,"3,144","144,903","118,875",,,,"3,223","169,409","145,000",,,,"3,794","204,670","170,000","69,000","31,100","19,900",60,,,,"2,988","246,055","197,500","93,000"," 30,000 "," 17,600 ",,62.32,,,,"3,343","260,959","216,800","82,000","33,500","18,700",,64.46,,,,"3,401","292,153","245,000","86,000","36,300","19,100",,68.59,,,,"2,882","294,619","246,250","80,000","36,800","21,500",,67.08,,,,"3,044","320,209","250,000","92,000","35,400","20,800",,67.09,,,,"3,060","333,339","270,000","92,000","39,000","22,800",,70.41,,,,"4,031","366,741","295,000","96,000","41,400","23,100",,73.92,,,,"3,781","437,251","347,000","105,000","43,300","24,400",,79.01,,,,"2,322","425,669","350,000",,81.59,,,,"2,385","414,331","345,000","98,000","48,400","27,100",,84.42,,,,"2,838","480,212","387,498","101,000","47,600","26,100",,85.86,,,,"2,623","507,197","399,995","105,000","47,200","28,100",,92.07,,,,"2,861","523,617","410,000","105,000","48,400","28,500",,100.49,,,,"2,998","575,438","465,000","104,000","51,900","28,700",,105.84,,,,,,,"2,828","669,869","535,000","102,000","56,800","31,000",,111.85,,,,,,,"2,331","743,764","580,000","109,000","58,900","31,100",,115.91,,,,,,,"2,309","754,514","620,000","114,000","59,500","32,900",,116.45,,,,,,,"1,649","778,290","615,000","106,000","62,100","33,400",,116.55,,,,,,,"113,000","63,900","35,100",,117.3,,,,,,,"109,000","66,100","36,400",,117.77,,,,,,,"107,000","70,100","35,600",,121.17,,,,,,,"110,000","76,600","38,200",,122.6,,,,,,,,127.91,,,
Kensington and Chelsea,,,,,,,,,,,,,,,,,,,,,,,,,,,,,,,,,,,,,,,,,,,,,,,,,,,,,,,,,,,,,,,,"3,574","263,462","172,750",,,,"4,436","297,757","195,000",,,,"4,869","347,240","225,000",,,,"4,225","378,450","245,000",,,,"5,173","432,504","285,000","73,000","58,200","18,200",68.17,,,,"4,431","558,627","343,000","74,000"," 86,500 "," 25,200 ",,68.15,,,,"4,064","583,952","363,000","75,000","78,900","25,900",,70.23,,,,"4,526","615,562","399,450","68,000","72,900","25,400",,74.01,,,,"3,510","660,887","405,000","64,000","84,900","24,000",,77.91,,,,"4,086","711,106","455,000","74,000","86,600","22,400",,79.69,,,,"3,408","756,023","465,000","74,000","109,000","27,300",,79.47,,,,"4,289","873,065","525,000","73,000","122,000","27,500",,79.41,,,,"3,753","1,023,870","640,000","74,000","151,000","31,900",,82.52,,,,"1,726","1,185,892","701,000",,86.93,,,,"2,056","1,042,685","680,000","70,000","161,000","34,100",,89.79,,,,"2,460","1,256,272","750,000","72,000","128,000","31,700",,90.86,,,,"2,496","1,290,725","790,750","70,000","137,000","37,200",,96.99,,,,"2,253","1,511,383","890,714","70,000","131,000","37,800",,120.33,,,,"2,647","1,666,682","980,000","71,000","156,000","37,600",,111.66,,,,,,,"2,669","1,946,177","1,197,500","71,000","158,000","38,700",,118.56,,,,,,,"2,162","1,914,363","1,175,000","74,000","178,000","37,500",,123.91,,,,,,,"1,804","1,953,392","1,200,000","72,000","171,000","39,500",,123.06,,,,,,,"1,535","2,092,485","1,315,000","68,000","177,000","40,400",,122.15,,,,,,,"72,000","173,000","39,300",,121.14,,,,,,,"67,000","185,000","42,100",,119.96,,,,,,,"69,000","198,000","43,300",,123.19,,,,,,,"68,000","208,000","43,900",,125.18,,,,,,,,131.08,,,
Kingston-upon-Thames,,,,,,,,,,,,,,,,,,,,,,,,,,,,,,,,,,,,,,,,,,,,,,,,,,,,,,,,,,,,,,,,"2,901","97,860","81,000",,,,"3,430","106,789","86,000",,,,"4,149","114,268","94,950",,,,"3,599","133,869","109,500",,,,"4,101","152,164","129,950","71,000","28,400","20,900",63.99,,,,"3,578","187,757","154,000","77,000","26,400","18,800",,66.33,,,,"3,969","201,931","170,000","77,000","28,400","19,500",,66.44,,,,"4,300","232,365","198,000","79,000","27,900","20,700",,70.14,,,,"3,571","244,841","215,195","78,000","28,300","20,100",,71.03,,,,"3,939","267,525","235,000","82,000","30,500","20,400",,71.54,,,,"3,228","277,468","240,000","86,000","33,400","22,400",,74.85,,,,"4,253","302,953","249,999","85,000","34,300","22,900",,79.28,,,,"3,932","346,884","290,000","82,000","38,200","25,200",,84.81,,,,"1,710","356,364","285,000",,86.25,,,,"1,892","328,180","270,000","78,000","39,200","25,600",,89.23,,,,"2,355","373,249","300,000","88,000","35,500","24,800",,90.14,,,,"2,249","364,948","300,000","82,000","38,700","26,000",,96.62,,,,"2,353","383,982","317,500","83,000","39,900","26,500",,104.12,,,,"2,748","414,419","335,000","84,000","41,900","26,100",,107,,,,,,,"2,988","475,081","385,000","79,000","43,600","29,100",,114.95,,,,,,,"2,556","502,091","413,500","80,000","45,800","30,300",,116.94,,,,,,,"2,167","547,214","460,000","86,000","44,500","30,200",,116.42,,,,,,,"1,928","573,938","487,250","79,000","48,700","32,400",,116.13,,,,,,,"84,000","50,300","33,300",,113.24,,,,,,,"84,000","50,500","33,500",,112.82,,,,,,,"81,000","54,000","34,700",,113.96,,,,,,,"82,000","56,500","35,900",,118.55,,,,,,,,120.22,,,
Lambeth,,,,,,,,,,,,,,,,,,,,,,,,,,,,,,,,,,,,,,,,,,,,,,,,,,,,,,,,,,,,,,,,"3,500","79,654","66,000",,,,"4,820","95,723","75,000",,,,"5,990","106,315","85,000",,,,"5,664","127,297","100,000",,,,"6,142","147,147","121,000","131,000","20,700","15,400",57.72,,,,"5,990","180,931","156,875","126,000"," 21,900 "," 15,300 ",,59.88,,,,"5,999","212,198","174,200","119,000","25,600","18,200",,61.63,,,,"6,399","232,540","195,000","119,000","25,900","18,800",,62.52,,,,"5,536","237,940","202,000","119,000","26,600","20,000",,66.07,,,,"6,033","254,231","220,000","137,000","26,800","19,900",,67.85,,,,"5,270","268,878","229,000","134,000","28,700","20,700",,69.89,,,,"6,695","293,653","246,000","145,000","30,900","21,600",,73.78,,,,"6,375","340,604","280,000","147,000","33,300","22,200",,69.76,,,,"2,989","342,138","275,000",,72.85,,,,"2,383","336,758","275,000","149,000","35,400","24,000",,82.22,,,,"3,519","366,963","302,000","153,000","34,200","24,000",,85.18,,,,"3,612","377,944","310,000","148,000","35,700","24,600",,98.18,,,,"3,956","398,776","321,250","148,000","37,600","26,000",,98.12,,,,"4,912","437,456","350,000","151,000","40,600","26,800",,102.12,,,,,,,"4,858","538,040","420,000","161,000","41,100","27,300",,107.06,,,,,,,"4,575","554,122","460,000","161,000","43,700","28,400",,110.18,,,,,,,"3,962","588,579","507,600","165,000","43,900","29,200",,108.06,,,,,,,"3,661","616,126","518,110","162,000","45,600","29,900",,107.73,,,,,,,"170,000","47,500","31,900",,106.93,,,,,,,"168,000","49,100","31,900",,105.47,,,,,,,"167,000","51,900","32,800",,108.17,,,,,,,"169,000","56,100","34,500",,110.28,,,,,,,,114.64,,,
Lewisham,,,,,,,,,,,,,,,,,,,,,,,,,,,,,,,,,,,,,,,,,,,,,,,,,,,,,,,,,,,,,,,,"3,383","61,562","55,500",,,,"4,224","62,846","57,500",,,,"5,128","73,183","64,000",,,,"4,963","83,082","71,250",,,,"5,677","96,266","82,000","106,000","18,200","14,900",52.15,,,,"5,496","118,227","99,995","129,000"," 19,400 "," 15,300 ",,55,,,,"5,639","136,125","122,000","113,000","21,600","18,000",,57.03,,,,"6,277","161,305","145,000","113,000","21,400","17,300",,59.16,,,,"5,665","185,154","165,000","114,000","21,500","17,000",,58.45,,,,"6,003","198,402","180,000","130,000","23,100","18,100",,61.57,,,,"4,827","205,393","185,000","124,000","25,200","20,000",,64.44,,,,"6,015","223,323","204,300","124,000","25,800","20,900",,67.52,,,,"6,110","247,998","224,998","137,000","27,100","21,000",,70.9,,,,"2,619","250,581","227,000",,74.64,,,,"2,122","239,481","215,000","117,000","28,700","22,300",,76.67,,,,"2,818","263,878","235,000","121,000","29,300","23,200",,77.01,,,,"2,880","267,820","240,000","126,000","29,800","22,900",,81.67,,,,"3,280","281,909","249,000","121,000","30,400","23,000",,87.38,,,,"4,199","305,825","260,000","126,000","31,500","24,000",,95.91,,,,,,,"4,485","360,998","315,000","135,000","32,400","24,900",,98.45,,,,,,,"4,484","403,589","360,000","131,000","34,500","25,800",,98.12,,,,,,,"4,096","434,769","387,000","138,000","35,900","26,700",,96.34,,,,,,,"3,309","475,142","430,000","140,000","36,800","27,300",,95.53,,,,,,,"140,000","38,000","27,900",,94.63,,,,,,,"139,000","41,100","30,100",,91.52,,,,,,,"141,000","42,600","30,900",,95.04,,,,,,,"149,000","44,800","32,000",,95.3,,,,,,,,95.85,,,
Merton,,,,,,,,,,,,,,,,,,,,,,,,,,,,,,,,,,,,,,,,,,,,,,,,,,,,,,,,,,,,,,,,"3,229","96,344","74,450",,,,"4,035","103,989","80,000",,,,"4,545","113,866","84,950",,,,"4,327","136,021","96,950",,,,"5,139","162,996","120,000","92,000","27,900","19,100",54.83,,,,"4,136","186,627","139,950","109,000","27,900","18,400",,56.02,,,,"4,696","204,604","160,000","96,000","28,900","18,500",,58.36,,,,"4,904","234,692","185,000","94,000","31,600","21,200",,61.95,,,,"4,157","246,892","200,000","86,000","31,300","19,700",,59.77,,,,"4,647","277,341","224,999","105,000","31,600","19,400",,63.02,,,,"3,804","283,600","233,000","103,000","34,800","20,500",,66.07,,,,"4,827","303,443","242,000","104,000","37,200","21,600",,69.46,,,,"4,522","374,834","263,375","113,000","39,400","22,300",,69.46,,,,"2,264","369,174","261,500",,77.16,,,,"2,235","361,132","250,000","106,000","44,000","24,100",,MYT,,,,"2,553","433,780","289,000","105,000","43,100","24,700",,LSVT,,,,"2,620","437,253","295,000","106,000","43,700","25,200",,LSVT,,,,"2,784","424,513","290,000","105,000","44,400","25,800",,LSVT,,,,"3,226","473,134","321,250","105,000","48,700","27,800",,LSVT,,,,,,,"3,077","537,708","385,000","106,000","46,900","27,600",,LSVT,,,,,,,"2,911","571,363","420,000","108,000","50,800","28,500",,LSVT,,,,,,,"2,560","587,371","450,000","111,000","53,200","29,500",,LSVT,,,,,,,"2,415","638,519","470,000","111,000","54,600","30,200",,LSVT,,,,,,,"108,000","56,300","30,300",,LSVT,,,,,,,"112,000","55,300","30,300",,85.5,,,,,,,"112,000","58,500","32,600",,100.92,,,,,,,"114,000","63,000","33,900",,100.92,,,,,,,,107.18,,,
Newham,,,,,,,,,,,,,,,,,,,,,,,,,,,,,,,,,,,,,,,,,,,,,,,,,,,,,,,,,,,,,,,,"2,974","47,528","46,750",,,,"3,401","50,082","50,000",,,,"3,822","57,380","56,000",,,,"4,036","65,286","63,500",,,,"4,422","75,326","71,973","80,000","15,800","13,300",49.4,,,,"4,907","97,266","91,995","95,000"," 17,000 "," 14,700 ",,54.35,,,,"5,531","117,223","112,000","88,000","17,700","15,300",,56.35,,,,"5,573","145,563","141,000","96,000","17,300","15,000",,58.63,,,,"5,455","177,796","173,000","96,000","17,400","14,500",,60.05,,,,"4,765","191,477","186,995","112,000","18,500","15,100",,57.88,,,,"3,945","203,395","197,600","109,000","19,200","15,200",,60.59,,,,"4,489","211,861","211,500","115,000","19,600","15,800",,63.62,,,,"4,408","231,013","230,000","122,000","21,000","16,500",,68.33,,,,"2,708","243,171","235,000",,71.04,,,,"1,424","206,115","200,000","118,000","21,900","17,600",,73.18,,,,"1,693","219,872","220,000","123,000","21,700","17,400",,74.29,,,,"1,615","214,915","219,000","127,000","22,000","17,600",,98.24,,,,"1,708","218,974","219,000","130,000","23,100","18,500",,95.31,,,,"2,332","233,074","230,000","124,000","24,800","20,100",,101,,,,,,,"2,869","269,497","250,000","130,000","25,400","20,200",,97.92,,,,,,,"2,834","319,348","310,000","136,000","27,300","22,100",,100.84,,,,,,,"2,737","370,476","355,000","134,000","28,200","22,500",,103.39,,,,,,,"3,384","409,477","390,500","141,000","30,000","24,100",,99.69,,,,,,,"154,000","31,000","24,300",,99.17,,,,,,,"158,000","31,700","24,600",,101.98,,,,,,,"144,000","34,300","26,600",,104.64,,,,,,,"146,000","36,100","28,300",,106.95,,,,,,,,111.05,,,
Redbridge,,,,,,,,,,,,,,,,,,,,,,,,,,,,,,,,,,,,,,,,,,,,,,,,,,,,,,,,,,,,,,,,"4,001","75,003","67,995",,,,"4,664","80,572","71,000",,,,"5,138","86,048","76,375",,,,"4,803","95,245","85,000",,,,"5,543","109,668","97,500","96,000","21,700","17,100",67.65,,,,"4,980","131,900","119,000","98,000","21,700","16,900",,69.14,,,,"5,782","155,125","138,000","118,000","23,800","17,200",,70,,,,"6,306","185,697","168,000","111,000","24,000","18,700",,68.27,,,,"5,743","211,539","195,000","111,000","24,100","19,000",,68.05,,,,"5,900","232,737","217,500","120,000","24,500","17,800",,70.35,,,,"4,923","238,364","225,000","122,000","26,500","20,000",,71.79,,,,"5,837","256,576","238,000","126,000","28,300","20,700",,74.42,,,,"5,477","280,740","250,000","128,000","29,100","21,600",,79.31,,,,"3,026","280,700","250,000",,81.4,,,,"2,552","255,681","230,000","124,000","30,200","22,300",,83.6,,,,"2,968","286,209","250,000","128,000","29,400","22,200",,83.79,,,,"2,539","294,854","250,000","127,000","30,900","22,900",,89.25,,,,"2,509","303,591","265,000","128,000","31,800","23,800",,98.72,,,,"2,947","315,401","275,000","130,000","33,100","25,100",,102.82,,,,,,,"3,574","338,667","300,000","131,000","33,900","25,700",,105.11,,,,,,,"3,294","387,917","350,000","140,000","35,300","26,400",,104.7,,,,,,,"2,960","423,130","390,000","137,000","35,500","27,400",,105.59,,,,,,,"2,569","452,437","420,000","136,000","37,100","28,000",,104.76,,,,,,,"138,000","37,100","27,300",,105.26,,,,,,,"138,000","38,500","28,900",,104.85,,,,,,,"139,000","40,300","30,400",,108.8,,,,,,,"138,000","42,700","31,200",,111.59,,,,,,,,117.89,,,
Richmond-upon-Thames,,,,,,,,,,,,,,,,,,,,,,,,,,,,,,,,,,,,,,,,,,,,,,,,,,,,,,,,,,,,,,,,"3,455","138,737","108,000",,,,"4,957","150,296","118,500",,,,"5,391","172,729","136,000",,,,"4,911","201,779","159,000",,,,"5,977","237,840","183,500","86,000","37,300","20,900",61.13,,,,"4,062","284,503","219,500","113,000","36,700","21,100",,62.41,,,,"4,752","300,995","227,000","94,000","41,500","23,400",,LSVT,,,,"5,294","324,221","249,950","93,000","39,500","23,100",,LSVT,,,,"4,622","346,906","265,000","84,000","42,700","25,600",,LSVT,,,,"4,998","383,815","291,250","102,000","41,800","24,500",,LSVT,,,,"4,315","392,783","299,950","102,000","47,500","25,800",,LSVT,,,,"5,404","434,585","330,000","99,000","52,500","27,300",,LSVT,,,,"4,692","510,950","381,000","104,000","56,900","29,100",,LSVT,,,,"2,412","508,911","375,000",,LSVT,,,,"2,600","508,409","376,425","101,000","58,900","30,800",,LSVT,,,,"3,217","550,796","400,000","101,000","56,300","30,600",,LSVT,,,,"3,147","570,178","420,000","104,000","57,400","31,500",,LSVT,,,,"3,289","590,459","430,000","102,000","58,800","33,400",,LSVT,,,,"3,608","644,778","475,000","107,000","64,000","33,700",,LSVT,,,,,,,"3,425","730,459","534,995","104,000","64,600","35,800",,LSVT,,,,,,,"3,234","754,191","577,750","104,000","67,300","35,500",,LSVT,,,,,,,"2,884","775,357","605,000","103,000","67,000","36,600",,LSVT,,,,,,,"2,642","819,044","650,000","108,000","69,000","36,100",,LSVT,,,,,,,"105,000","73,800","37,600",,LSVT,,,,,,,"104,000","77,400","38,900",,..,,,,,,,"106,000","77,900","39,500",,..,,,,,,,"104,000","90,400","44,000",,..,,,,,,,,..,,,
Southwark,,,,,,,,,,,,,,,,,,,,,,,,,,,,,,,,,,,,,,,,,,,,,,,,,,,,,,,,,,,,,,,,"2,650","84,677","71,000",,,,"3,132","87,617","72,625",,,,"4,429","103,515","85,000",,,,"4,384","121,755","99,000",,,,"5,252","142,789","123,000","114,000","20,400","14,600",54.74,,,,"5,075","184,697","155,000","120,000"," 22,500 "," 15,400 ",,56.56,,,,"5,273","209,574","180,000","97,000","25,900","16,900",,58.84,,,,"5,140","221,727","190,000","111,000","24,600","17,900",,58.24,,,,"4,699","240,345","208,500","115,000","25,400","18,200",,60.09,,,,"5,395","252,682","225,000","124,000","26,300","17,800",,61.27,,,,"4,542","273,515","239,973","133,000","29,500","20,000",,66.5,,,,"5,624","289,173","247,000","136,000","31,800","20,400",,70.09,,,,"5,262","332,738","276,000","136,000","36,000","21,900",,73.26,,,,"2,507","328,055","278,000",,77.42,,,,"2,357","338,570","285,000","127,000","36,800","23,300",,79.54,,,,"3,333","376,688","314,500","136,000","35,400","23,800",,80.6,,,,"3,205","400,980","320,000","138,000","36,500","24,300",,85.2,,,,"3,374","415,796","332,250","135,000","37,500","25,000",,93.65,,,,"4,240","441,747","350,000","136,000","40,500","26,200",,98.68,,,,,,,"3,868","518,144","420,000","140,000","41,600","27,700",,99.18,,,,,,,"4,035","583,065","475,000","144,000","44,200","27,100",,103.9,,,,,,,"3,609","643,858","512,750","148,000","45,400","29,400",,100.76,,,,,,,"3,379","641,210","530,000","146,000","48,600","29,400",,100.13,,,,,,,"158,000","49,400","31,400",,98.75,,,,,,,"152,000","53,400","33,500",,101.68,,,,,,,"146,000","55,300","33,900",,104.99,,,,,,,"156,000","57,800","34,400",,107.18,,,,,,,,112.61,,,
Sutton,,,,,,,,,,,,,,,,,,,,,,,,,,,,,,,,,,,,,,,,,,,,,,,,,,,,,,,,,,,,,,,,"3,389","76,952","67,000",,,,"4,270","79,561","69,000",,,,"4,573","88,169","75,000",,,,"4,481","100,413","85,000",,,,"5,037","113,447","98,000","93,000","21,000","16,400",54.15,,,,"4,398","138,136","119,950","82,000","21,900","17,000",,56.88,,,,"4,878","153,408","132,500","98,000","23,100","17,600",,55.23,,,,"5,059","177,432","156,000","93,000","23,700","17,800",,57.6,,,,"4,531","197,763","175,000","90,000","24,600","18,400",,59.36,,,,"4,740","212,522","187,000","95,000","25,600","18,900",,64.41,,,,"3,843","225,682","200,000","101,000","26,300","20,200",,64.58,,,,"4,820","239,235","210,000","99,000","28,400","21,400",,69.06,,,,"4,748","261,248","233,000","100,000","30,000","22,500",,74.55,,,,"2,397","259,375","230,000",,77.44,,,,"2,420","239,794","210,000","98,000","30,000","23,200",,79.95,,,,"2,377","264,951","235,000","103,000","29,100","22,300",,81.31,,,,"2,444","267,042","233,000","99,000","31,400","25,300",,87.2,,,,"2,568","272,250","240,000","97,000","32,400","25,000",,94.51,,,,"2,994","286,681","250,000","103,000","32,800","25,100",,99.41,,,,,,,"3,396","322,434","285,000","102,000","33,600","25,900",,108.82,,,,,,,"3,260","358,826","320,250","102,000","35,400","27,400",,108.86,,,,,,,"3,206","387,585","347,500","103,000","35,500","27,300",,107.74,,,,,,,"2,901","402,121","367,000","103,000","36,900","28,200",,107.06,,,,,,,"101,000","38,500","29,700",,107.49,,,,,,,"102,000","40,200","30,200",,108.11,,,,,,,"100,000","41,400","31,400",,112.24,,,,,,,"102,000","45,200","33,300",,114.94,,,,,,,,120.00,,,
Tower Hamlets,,,,,,,,,,,,,,,,,,,,,,,,,,,,,,,,,,,,,,,,,,,,,,,,,,,,,,,,,,,,,,,,"2,155","76,933","67,500",,,,"2,511","88,715","77,000",,,,"3,833","110,807","95,000",,,,"4,559","129,367","115,000",,,,"5,531","159,999","140,000","59,000","22,900","14,200",58.71,,,,"5,101","190,411","162,500","81,000"," 25,000 "," 16,500 ",,62.86,,,,"5,003","208,596","184,950","76,000","29,900","19,100",,67.67,,,,"4,771","222,708","200,000","76,000","28,500","19,300",,69.65,,,,"4,149","237,860","211,000","69,000","28,300","18,300",,70.19,,,,"5,841","260,847","230,000","90,000","29,600","19,200",,66.76,,,,"4,849","265,639","238,000","89,000","31,500","19,800",,70.14,,,,"5,365","281,493","249,995","103,000","33,500","19,400",,73.32,,,,"5,463","333,393","290,000","103,000","37,400","21,200",,77.33,,,,"2,562","328,379","289,998",,81.36,,,,"2,996","333,797","290,000","110,000","38,300","24,500",,83.86,,,,"3,788","345,385","305,000","107,000","37,400","24,000",,86.46,,,,"3,368","345,026","300,000","112,000","38,200","24,700",,92.23,,,,"3,600","355,588","305,000","115,000","39,000","25,800",,99.16,,,,"4,376","383,842","329,000","119,000","40,800","27,000",,103.56,,,,,,,"5,004","445,319","385,000","121,000","41,800","26,600",,111.48,,,,,,,"4,074","483,423","425,000","122,000","45,000","28,900",,112.07,,,,,,,"4,551","524,508","470,000","130,000","46,600","30,500",,114.53,,,,,,,"3,290","554,009","490,000","136,000","46,600","30,200",,110.81,,,,,,,"136,000","49,300","31,100",,109.96,,,,,,,"140,000","50,100","32,700",,109.04,,,,,,,"139,000","52,700","34,100",,112.29,,,,,,,"147,000","55,500","35,500",,114.13,,,,,,,,119.04,,,
Waltham Forest,,,,,,,,,,,,,,,,,,,,,,,,,,,,,,,,,,,,,,,,,,,,,,,,,,,,,,,,,,,,,,,,"3,301","58,120","55,000",,,,"3,994","60,623","56,000",,,,"4,619","67,020","62,000",,,,"4,643","77,012","71,000",,,,"5,297","88,497","79,995","91,000","18,500","15,000",59.54,,,,"5,035","105,279","96,000","114,000","19,600","15,100",,62.65,,,,"5,334","123,846","118,000","99,000","20,300","16,600",,64.47,,,,"5,373","155,056","149,000","102,000","20,100","17,200",,66.68,,,,"5,008","178,958","172,000","94,000","20,100","16,800",,68.29,,,,"4,821","195,125","187,500","111,000","20,800","16,600",,70.08,,,,"4,356","205,386","198,000","114,000","22,000","17,700",,72.08,,,,"5,064","218,586","215,000","115,000","23,100","17,900",,70.56,,,,"4,893","245,515","239,000","121,000","23,200","18,200",,79.23,,,,"2,446","238,156","231,000",,78.27,,,,"1,994","220,077","211,500","119,000","24,800","20,600",,80.41,,,,"2,267","236,576","230,000","129,000","24,400","19,700",,80.95,,,,"2,329","240,234","232,000","123,000","25,300","20,300",,86.51,,,,"2,339","251,671","241,500","121,000","26,200","21,400",,92.39,,,,"2,875","281,255","265,000","124,000","27,000","21,900",,104.79,,,,,,,"3,470","334,326","320,000","128,000","28,200","22,700",,100.8,,,,,,,"3,395","384,365","372,000","135,000","29,400","23,900",,104.6,,,,,,,"3,010","431,878","422,000","135,000","30,300","24,500",,104.86,,,,,,,"2,711","459,922","445,000","138,000","31,900","25,500",,104.69,,,,,,,"134,000","33,700","26,800",,104.69,,,,,,,"139,000","34,900","27,700",,102.65,,,,,,,"133,000","37,100","28,900",,104.72,,,,,,,"140,000","40,100","30,900",,105.67,,,,,,,,110.32,,,
Wandsworth,,,,,,,,,,,,,,,,,,,,,,,,,,,,,,,,,,,,,,,,,,,,,,,,,,,,,,,,,,,,,,,,"5,699","110,955","85,500",,,,"7,265","120,488","94,000",,,,"8,485","137,915","108,000",,,,"7,658","156,645","125,000",,,,"9,592","192,372","155,000","144,000","29,300","18,100",65.61,,,,"7,628","233,777","182,000"," 144,000 "," 36,300 "," 21,000 ",,66.95,,,,"8,208","252,378","204,000","143,000","36,000","21,700",,70.05,,,,"8,658","285,773","235,000","143,000","35,700","22,000",,72.48,,,,"7,245","299,813","242,500","134,000","37,800","22,600",,77.48,,,,"8,511","335,011","260,000","154,000","38,200","22,000",,81.62,,,,"7,435","349,202","277,500","155,000","44,100","24,500",,86.98,,,,"9,445","395,120","312,000","162,000","45,400","25,300",,94.63,,,,"8,506","455,751","355,000","167,000","49,500","26,100",,99.84,,,,"3,997","444,944","350,000",,105.06,,,,"4,424","459,109","350,000","157,000","52,800","29,200",,108.07,,,,"5,329","493,683","380,000","159,000","50,700","29,000",,104.64,,,,"5,274","508,691","390,000","161,000","53,400","29,400",,112.49,,,,"5,296","532,430","415,750","155,000","54,700","31,000",,120.85,,,,"6,257","584,510","465,000","164,000","59,900","31,900",,130.83,,,,,,,"5,934","681,731","532,250","168,000","59,200","32,900",,125.85,,,,,,,"5,882","687,589","560,000","171,000","63,600","34,200",,128.45,,,,,,,"5,531","775,484","644,000","169,000","64,900","35,000",,128.85,,,,,,,"4,959","818,443","654,000","171,000","67,900","34,500",,128.14,,,,,,,"168,000","70,400","37,100",,126.35,,,,,,,"172,000","72,400","38,900",,125.2,,,,,,,"168,000","75,300","39,000",,128.49,,,,,,,"182,000","79,700","40,200",,129.75,,,,,,,,130.19,,,
Westminster,,,,,,,,,,,,,,,,,,,,,,,,,,,,,,,,,,,,,,,,,,,,,,,,,,,,,,,,,,,,,,,,"4,038","183,338","127,550",,,,"4,830","190,417","133,000",,,,"6,539","228,494","160,950",,,,"5,524","282,269","177,000",,,,"6,783","307,029","220,000","96,000","46,400","17,300",73.96,,,,"6,364","374,658","250,000"," 113,000 "," 49,100 "," 23,000 ",,76.15,,,,"5,891","410,251","280,000","95,000","55,600","21,900",,77.84,,,,"6,414","440,783","319,475","88,000","56,600","22,800",,81.3,,,,"5,217","457,656","325,000","85,000","57,500","23,500",,81.59,,,,"5,226","498,794","345,445","105,000","56,500","23,100",,84.26,,,,"4,984","545,120","375,000","105,000","68,100","27,100",,87.08,,,,"6,354","589,613","410,000","108,000","73,600","27,000",,90.22,,,,"5,440","693,083","475,000","111,000","82,600","29,200",,93.96,,,,"2,801","781,173","495,000",,93.64,,,,"2,900","742,745","499,999","103,000","93,500","31,900",,96.61,,,,"3,603","823,306","580,000","107,000","83,400","31,400",,98.03,,,,"3,297","958,412","600,000","104,000","88,200","32,400",,106.03,,,,"3,237","1,147,250","635,000","99,000","92,200","35,200",,111.43,,,,"3,635","1,299,376","725,000","100,000","107,000","36,400",,117.92,,,,,,,"3,536","1,464,109","875,000","102,000","104,000","35,100",,122.19,,,,,,,"2,869","1,361,091","890,000","105,000","109,000","37,800",,126.14,,,,,,,"2,772","1,579,839","1,024,500","106,000","107,000","36,100",,131.87,,,,,,,"2,455","1,718,124","1,025,000","98,000","124,000","39,700",,129.98,,,,,,,"102,000","120,000","39,200",,127.09,,,,,,,"98,000","118,000","39,900",,121.27,,,,,,,"100,000","123,000","42,100",,124.56,,,,,,,"102,000","133,000","41,200",,126.76,,,,,,,,132.27,,,
North East,,,,,,,,,,,,,,,,,,,,,,,,,,,,,,,,,,,,,,,,,,,,,,,,,,,,,,,,,,,,,,,,"32,812","48,970","42,250",,,,"37,922","50,870","44,500",,,,"41,244","53,908","46,995",,,,"41,946","55,801","48,000",,,,"44,496","59,292","50,473","1,090,000","16,300","12,900",36.76,,,,"47,123","61,707","52,000","1,160,000","16,600","13,200",,38.54,,,,"53,247","66,108","55,000","1,180,000","17,500","14,200",,40.43,,,,"59,880","76,205","60,000","1,190,000","17,900","14,400",,41.52,,,,"61,847","94,299","77,500","1,170,000","18,500","14,800",,42.00,,,,"60,123","115,307","95,000","1,260,000","19,100","15,000",,43.48,,,,"50,299","125,999","108,000","1,250,000","20,200","15,500",,45.56,,,,"60,651","136,163","119,000","1,330,000","21,000","16,300",,47.82,,,,"61,711","142,069","122,000","1,320,000","22,100","17,100",,51.07,,,,"30,523","141,506","120,000",,53.09,,,,"24,408","139,768","120,000","1,190,000","23,900","18,400",,54.61,,,,"25,729","143,850","122,000","1,190,000","22,900","18,000",,56.02,,,,"26,821","136,736","117,495","1,170,000","24,300","19,100",,59.38,,,,"26,100","139,034","120,000","1,160,000","25,000","19,700",,68.74,,,,"30,018","141,292","122,500","1,150,000","26,000","20,400",,69.39,,,,,,,"35,333","148,461","125,125","1,120,000","26,600","20,800",,73.54,,,,,,,"36,113","153,507","132,500","1,150,000","27,600","21,500",,75.59,,,,,,,"37,038","156,632","134,950","1,140,000","27,600","22,100",,74.96,,,,,,,"38,157","159,970","135,000","1,120,000","28,500","22,600",,74.40,,,,,,,"1,160,000","28,800","22,900",,73.79,,,,,,,"1,140,000","30,000","23,800",,72.82,,,,,,,"1,170,000","30,600","24,300",,75.28,,,,,,,"1,230,000","31,500","24,900",,76.59,,,,,,,,79.59,,,
North West,,,,,,,,,,,,,,,,,,,,,,,,,,,,,,,,,,,,,,,,,,,,,,,,,,,,,,,,,,,,,,,,"94,372","52,590","45,000",,,,"107,586","54,395","46,250",,,,"120,214","58,286","49,000",,,,"119,459","60,745","50,000",,,,"132,012","65,496","53,500","3,080,000","17,500","13,500",40.57,,,,"136,165","69,803","56,500","3,220,000","18,000","13,900",,42.24,,,,"147,093","76,908","60,000","3,190,000","18,800","14,600",,44.20,,,,"169,856","88,315","70,000","3,210,000","19,300","14,900",,45.83,,,,"170,971","104,548","85,000","3,160,000","19,500","14,900",,46.53,,,,"168,970","126,472","107,500","3,310,000","20,500","15,500",,47.29,,,,"134,950","138,266","119,000","3,360,000","21,700","16,100",,48.97,,,,"164,386","150,243","127,500","3,450,000","22,300","16,600",,50.79,,,,"160,537","159,618","134,950","3,490,000","23,300","17,400",,53.60,,,,"79,959","156,614","129,559",,55.63,,,,"67,543","154,472","130,000","3,300,000","24,900","18,500",,57.19,,,,"71,079","159,524","130,000","3,340,000","24,200","18,400",,58.76,,,,"71,466","154,790","127,000","3,260,000","25,400","19,200",,62.63,,,,"69,774","155,770","130,000","3,260,000","26,000","19,700",,68.70,,,,"84,413","159,018","132,000","3,220,000","27,300","20,600",,71.69,,,,,,,"101,351","166,132","138,500","3,230,000","28,000","21,100",,74.28,,,,,,,"106,321","173,132","145,000","3,260,000","29,300","21,900",,75.65,,,,,,,"111,809","180,124","150,000","3,280,000","29,400","22,300",,75.30,,,,,,,"111,847","188,752","156,000","3,260,000","30,300","23,100",,74.72,,,,,,,"3,330,000","30,900","23,700",,74.52,,,,,,,"3,310,000","32,100","24,600",,74.50,,,,,,,"3,340,000","32,600","25,000",,76.45,,,,,,,"3,490,000","34,000","25,700",,77.83,,,,,,,,80.96,,,
Yorkshire and The Humber,,,,,,,,,,,,,,,,,,,,,,,,,,,,,,,,,,,,,,,,,,,,,,,,,,,,,,,,,,,,,,,,"71,310","52,937","45,500",,,,"80,911","54,601","46,500",,,,"89,282","57,496","48,950",,,,"87,456","59,368","50,000",,,,"98,037","63,661","53,000","2,210,000","17,300","13,400",35.11,,,,"100,677","68,170","56,000","2,390,000","17,400","13,600",,36.95,,,,"112,855","73,680","59,950","2,340,000","18,700","14,600",,39.44,,,,"125,243","86,821","70,000","2,360,000","18,900","14,600",,41.70,,,,"123,898","105,636","87,500","2,340,000","19,400","15,100",,42.48,,,,"121,497","127,314","110,000","2,430,000","20,300","15,500",,44.18,,,,"102,841","138,764","119,995","2,500,000","21,400","16,200",,46.03,,,,"125,714","150,387","128,500","2,590,000","22,100","16,600",,48.28,,,,"120,014","158,900","135,000","2,580,000","23,100","17,400",,51.74,,,,"62,997","155,602","129,995",,53.87,,,,"54,121","153,359","130,000","2,410,000","24,600","18,200",,55.63,,,,"55,025","161,184","135,000","2,470,000","23,800","18,200",,56.84,,,,"55,434","155,417","130,000","2,390,000","24,900","19,000",,60.55,,,,"56,044","157,006","130,000","2,380,000","25,600","19,600",,65.30,,,,"66,522","159,205","134,950","2,360,000","26,700","20,400",,69.31,,,,,,,"78,770","165,671","139,995","2,390,000","27,400","21,000",,73.25,,,,,,,"79,357","173,139","145,000","2,410,000","28,400","21,500",,74.97,,,,,,,"82,039","179,891","150,000","2,430,000","28,400","21,900",,73.65,,,,,,,"83,287","186,433","155,000","2,410,000","29,400","22,600",,73.17,,,,,,,"2,430,000","30,200","23,300",,72.58,,,,,,,"2,430,000","31,200","24,300",,72.16,,,,,,,"2,460,000","31,500","24,500",,74.35,,,,,,,"2,550,000","33,000","25,300",,75.55,,,,,,,,78.78,,,
East Midlands,,,,,,,,,,,,,,,,,,,,,,,,,,,,,,,,,,,,,,,,,,,,,,,,,,,,,,,,,,,,,,,,"64,562","54,224","45,950",,,,"76,704","56,250","47,450",,,,"86,394","60,145","50,000",,,,"84,827","64,223","53,500",,,,"96,835","69,684","57,500","1,940,000","18,000","13,900",38.05,,,,"95,834","76,207","61,250","2,080,000","18,200","13,900",,39.66,,,,"106,547","85,094","70,000","2,070,000","19,200","14,500",,41.45,,,,"114,644","102,317","85,000","2,090,000","19,800","15,200",,43.63,,,,"105,484","125,150","107,000","2,090,000","20,100","15,400",,44.42,,,,"105,413","144,406","126,000","2,190,000","20,800","15,900",,45.94,,,,"87,448","153,247","132,000","2,240,000","22,100","16,600",,48.27,,,,"108,735","159,512","137,000","2,300,000","22,900","17,000",,50.38,,,,"104,230","168,424","144,185","2,340,000","23,900","17,900",,53.65,,,,"54,656","162,800","138,000",,56.00,,,,"52,209","157,812","135,000","2,200,000","25,100","18,500",,57.46,,,,"54,082","164,791","139,000","2,220,000","24,400","18,800",,59.06,,,,"53,935","161,006","135,995","2,170,000","25,600","19,300",,62.94,,,,"54,681","162,576","138,000","2,170,000","26,400","19,900",,69.39,,,,"65,296","166,615","141,500","2,140,000","27,600","20,800",,72.88,,,,,,,"78,114","176,514","150,000","2,160,000","28,200","21,200",,75.34,,,,,,,"78,452","187,675","160,000","2,210,000","29,600","22,100",,76.27,,,,,,,"82,077","196,868","168,000","2,210,000","29,300","22,200",,75.70,,,,,,,"78,969","208,155","180,000","2,220,000","30,500","23,300",,75.04,,,,,,,"2,260,000","31,000","23,700",,74.14,,,,,,,"2,230,000","32,100","24,700",,74.05,,,,,,,"2,310,000","32,200","24,800",,76.68,,,,,,,"2,380,000","33,800","25,800",,77.84,,,,,,,,81.25,,,
West Midlands,,,,,,,,,,,,,,,,,,,,,,,,,,,,,,,,,,,,,,,,,,,,,,,,,,,,,,,,,,,,,,,,"71,771","59,057","49,500",,,,"85,130","61,111","51,000",,,,"94,027","65,716","54,500",,,,"90,490","70,196","57,000",,,,"103,060","76,742","60,000","2,380,000","17,900","13,800",39.82,,,,"100,644","84,010","67,000","2,530,000","18,300","14,300",,41.31,,,,"108,838","94,235","75,950","2,500,000","19,100","14,800",,44.68,,,,"120,501","111,134","89,950","2,500,000","19,500","15,300",,46.67,,,,"112,535","130,793","110,000","2,490,000","19,800","15,400",,47.43,,,,"113,319","150,859","128,000","2,640,000","20,500","15,900",,49.28,,,,"95,958","158,311","134,000","2,640,000","21,700","16,400",,51.59,,,,"117,310","168,532","142,065","2,710,000","22,600","17,000",,54.11,,,,"110,880","175,153","147,000","2,750,000","23,400","17,600",,57.32,,,,"58,278","171,291","142,000",,59.54,,,,"52,444","167,326","142,000","2,530,000","24,800","18,600",,61.47,,,,"55,476","177,929","147,000","2,610,000","24,000","18,400",,63.22,,,,"56,071","171,740","142,500","2,560,000","25,400","19,400",,67.40,,,,"56,667","173,283","145,000","2,530,000","26,000","19,900",,72.11,,,,"66,897","178,030","149,995","2,500,000","27,200","20,500",,76.47,,,,,,,"79,478","187,311","156,000","2,550,000","27,700","20,900",,80.68,,,,,,,"81,327","197,017","164,000","2,570,000","29,200","21,900",,81.16,,,,,,,"85,199","205,464","170,000","2,580,000","29,600","22,400",,80.18,,,,,,,"83,919","216,589","180,000","2,560,000","30,300","23,200",,79.48,,,,,,,"2,630,000","31,200","23,600",,79.02,,,,,,,"2,610,000","32,000","24,500",,77.98,,,,,,,"2,610,000","32,200","24,700",,80.29,,,,,,,"2,760,000","33,600","25,500",,81.65,,,,,,,,84.65,,,
East of England,,,,,,,,,,,,,,,,,,,,,,,,,,,,,,,,,,,,,,,,,,,,,,,,,,,,,,,,,,,,,,,,"93,121","69,225","57,500",,,,"114,681","71,411","58,800",,,,"131,176","78,315","63,500",,,,"124,686","86,116","69,000",,,,"144,820","95,205","76,000","2,530,000","21,300","15,500",45.59,,,,"129,275","109,552","86,500","2,750,000","22,000","15,800",,47.78,,,,"144,202","124,523","99,995","2,720,000","23,100","16,500",,49.94,,,,"150,068","149,286","125,000","2,780,000","23,300","16,900",,51.88,,,,"135,613","171,812","145,000","2,740,000","23,500","16,900",,52.48,,,,"140,566","189,970","163,000","2,840,000","24,400","17,400",,54.93,,,,"118,437","199,817","169,995","2,980,000","25,800","18,000",,57.62,,,,"149,083","211,762","178,000","3,010,000","27,000","18,700",,60.15,,,,"142,967","227,557","190,000","3,070,000","28,200","19,400",,64.75,,,,"71,604","225,874","185,500",,66.83,,,,"76,338","215,142","175,000","2,940,000","29,700","20,400",,68.13,,,,"79,881","237,790","195,000","2,980,000","28,900","20,500",,70.28,,,,"80,406","232,516","189,995","2,970,000","30,100","21,100",,75.26,,,,"80,661","235,856","193,000","2,950,000","30,900","21,900",,79.58,,,,"95,521","243,825","200,000","2,970,000","32,700","22,900",,86.79,,,,,,,"112,229","260,837","215,000","2,980,000","33,200","23,200",,89.14,,,,,,,"109,398","283,637","238,000","3,040,000","35,000","24,100",,91.50,,,,,,,"107,783","305,375","258,000","3,030,000","34,900","24,700",,91.03,,,,,,,"100,250","325,181","277,000","3,070,000","36,100","25,500",,90.24,,,,,,,"3,090,000","36,800","26,000",,89.50,,,,,,,"3,090,000","38,000","27,100",,89.27,,,,,,,"3,110,000","38,600","27,500",,92.10,,,,,,,"3,240,000","40,900","28,400",,93.86,,,,,,,,97.67,,,
London,,,,,,,,,,,,,,,,,,,,,,,,,,,,,,,,,,,,,,,,,,,,,,,,,,,,,,,,,,,,,,,,"108,757","97,628","72,750",,,,"135,286","105,337","77,000",,,,"157,459","119,761","86,000",,,,"148,649","135,009","96,500",,,,"171,994","158,324","118,000","3,290,000","25,100","16,600",58.00,,,,"152,150","188,703","138,000","3,610,000","27,100","17,600",,60.17,,,,"165,467","204,829","155,000","3,390,000","28,800","18,500",,62.36,,,,"176,885","233,259","180,000","3,420,000","28,500","18,800",,64.65,,,,"156,153","250,629","200,000","3,330,000","29,100","19,100",,65.11,,,,"166,007","274,021","220,000","3,740,000","29,900","19,000",,66.58,,,,"138,629","290,202","230,000","3,790,000","32,800","20,300",,69.58,,,,"173,486","315,956","245,000","3,890,000","34,700","20,800",,72.77,,,,"167,567","352,750","262,500","4,030,000","37,400","21,800",,76.79,,,,"82,208","361,738","258,000",,79.72,,,,"76,156","362,673","250,000","3,840,000","39,800","23,400",,82.43,,,,"92,769","408,107","287,500","3,930,000","37,700","23,300",,83.50,,,,"90,722","421,278","292,500","3,950,000","39,100","23,800",,89.17,,,,"94,308","437,523","300,000","3,930,000","39,900","24,600",,97.22,,,,"111,209","473,780","323,000","3,950,000","43,300","25,600",,101.83,,,,,,,"118,475","525,204","365,000","4,010,000","44,000","26,400",,105.09,,,,,,,"113,144","545,352","400,000","4,130,000","46,700","27,200",,107.93,,,,,,,"103,019","586,093","442,000","4,210,000","46,900","27,900",,108.06,,,,,,,"90,755","620,074","465,000","4,180,000","49,000","28,800",,106.24,,,,,,,"4,260,000","50,100","29,600",,105.72,,,,,,,"4,240,000","51,800","30,700",,104.91,,,,,,,"4,180,000","54,200","31,500",,107.88,,,,,,,"4,310,000","58,300","32,900",,109.79,,,,,,,,114.31,,,
South East,,,,,,,,,,,,,,,,,,,,,,,,,,,,,,,,,,,,,,,,,,,,,,,,,,,,,,,,,,,,,,,,"142,548","82,309","65,000",,,,"177,652","86,110","68,500",,,,"202,416","94,318","74,500",,,,"188,723","106,179","83,000",,,,"216,436","119,748","92,500","3,990,000","22,700","15,700",50.55,,,,"189,977","140,957","112,000","4,340,000","23,800","16,500",,51.97,,,,"211,287","156,452","126,000","4,240,000","25,000","17,200",,53.98,,,,"225,685","181,320","148,000","4,140,000","25,100","17,400",,56.34,,,,"198,760","203,045","169,500","3,990,000","25,600","17,800",,57.59,,,,"208,738","222,446","185,000","4,330,000","26,400","18,300",,59.41,,,,"175,527","231,476","192,000","4,500,000","28,100","19,000",,61.61,,,,"224,895","246,776","202,000","4,580,000","29,500","19,600",,63.98,,,,"215,185","267,566","219,950","4,660,000","30,900","20,400",,67.91,,,,"110,011","267,494","215,000",,70.83,,,,"117,199","253,991","203,000","4,430,000","32,600","21,600",,72.99,,,,"121,540","284,693","229,000","4,570,000","31,200","21,300",,74.19,,,,"120,157","280,150","223,000","4,490,000","32,900","22,300",,78.70,,,,"122,778","284,558","229,000","4,500,000","33,700","23,100",,84.55,,,,"144,697","292,367","235,000","4,480,000","35,700","23,900",,87.90,,,,,,,"166,660","311,819","249,950","4,520,000","36,200","24,400",,92.26,,,,,,,"163,236","331,847","273,500","4,610,000","37,900","25,200",,94.15,,,,,,,"157,696","354,874","295,500","4,640,000","38,000","25,800",,93.76,,,,,,,"148,025","374,182","315,000","4,630,000","39,200","26,700",,93.06,,,,,,,"4,650,000","39,900","27,100",,92.03,,,,,,,"4,640,000","41,400","28,200",,91.71,,,,,,,"4,670,000","42,000","28,600",,94.76,,,,,,,"4,830,000","44,700","29,700",,96.31,,,,,,,,100.39,,,
South West,,,,,,,,,,,,,,,,,,,,,,,,,,,,,,,,,,,,,,,,,,,,,,,,,,,,,,,,,,,,,,,,"83,057","65,817","55,000",,,,"106,721","68,242","57,250",,,,"123,152","74,458","60,000",,,,"117,949","80,792","66,500",,,,"136,522","90,425","74,000","2,410,000","18,200","13,800",43.59,,,,"121,897","105,025","85,000","2,590,000","18,500","14,300",,44.99,,,,"134,379","118,879","96,250","2,550,000","19,500","14,900",,46.55,,,,"139,505","144,182","123,000","2,570,000","19,800","15,200",,48.21,,,,"125,541","168,759","144,950","2,500,000","20,300","15,600",,48.54,,,,"125,970","190,643","164,500","2,620,000","20,900","15,900",,50.08,,,,"108,456","198,119","169,950","2,710,000","22,200","16,500",,51.62,,,,"140,778","209,580","178,000","2,760,000","23,200","17,200",,53.61,,,,"130,592","228,149","190,000","2,860,000","24,300","18,000",,56.79,,,,"68,138","222,073","185,000",,59.18,,,,"75,608","210,709","175,000","2,690,000","25,700","19,000",,61.44,,,,"76,360","228,632","190,000","2,760,000","24,900","18,800",,62.96,,,,"74,548","223,870","185,000","2,700,000","26,100","19,600",,67.06,,,,"76,058","224,870","187,500","2,670,000","27,000","20,300",,72.93,,,,"89,762","228,147","190,000","2,670,000","28,400","21,200",,76.19,,,,,,,"105,191","240,062","200,000","2,720,000","28,800","21,600",,79.12,,,,,,,"105,560","252,917","216,000","2,720,000","30,400","22,400",,81.67,,,,,,,"107,297","265,893","229,950","2,720,000","30,200","22,700",,80.95,,,,,,,"102,292","281,792","242,500","2,740,000","31,300","23,700",,80.18,,,,,,,"2,740,000","32,100","24,400",,80.17,,,,,,,"2,740,000","33,200","25,300",,79.18,,,,,,,"2,790,000","33,700","25,500",,81.44,,,,,,,"2,900,000","35,300","26,400",,82.57,,,,,,,,86.28,,,
England,,,,,,,,,,,,,,,,,,,,,,,,,,,,,,,,,,,,,,,,,,,,,,,,,,,,,,,,,,,,,,,,"762,310","68,670","55,000",,,,"922,593","72,336","57,500",,,,"1,045,364","79,523","60,000",,,,"1,004,185","86,601","66,000",,,,"1,144,212","97,415","74,000","22,900,000","20,000","14,500",43.83,,,,"1,073,742","109,419","81,995","24,700,000","20,800","15,000",,45.62,,,,"1,183,915","121,082","92,000","24,200,000","21,800","15,700",,47.87,,,,"1,282,267","140,578","114,000","24,300,000","22,100","16,000",,49.93,,,,"1,190,802","158,460","132,000","23,800,000","22,400","16,200",,51.02,,,,"1,210,603","180,678","151,000","25,400,000","23,300","16,600",,52.9,,,,"1,012,545","191,471","159,950","26,000,000","24,900","17,400",,55.27,,,,"1,265,038","205,815","168,000","26,600,000","26,000","17,900",,57.93,,,,"1,213,683","222,011","178,000","27,100,000","27,400","18,700",,61.62,,,,"618,374","219,924","173,500",,64.21,,,,"596,026","216,268","170,000","25,500,000","29,100","19,800",,66.05,,,,"631,941","239,906","185,000","26,100,000","28,000","19,700",,67.83,,,,"629,560","236,553","180,000","25,700,000","29,400","20,500",,73.58,,,,"637,071","242,254","183,000","25,500,000","30,100","21,200",,78.61,,,,"754,335","251,621","188,000","25,400,000","31,900","22,100",,82.64,,,,,,,"875,601","265,561","198,000","25,700,000","32,500","22,600",,86.29,,,,,,,"872,908","277,277","212,500","26,100,000","34,200","23,400",,88.16,,,,,,,"873,957","288,512","224,950","26,300,000","34,300","23,900",,87.37,,,,,,,"837,501","299,037","234,000","26,200,000","35,500","24,700",,86.71,,,,,,,"2,660,000","36,200","25,300",,85.85,,,,,,,"2,640,000","37,500","26,300",,85.56,,,,,,,"26,600,000","38,200","26,600",,88.17,,,,,,,"27,700,000","40,300","27,500",,89.69,,,,,,,,93.42,,,
Wales,,,,,,,,,,,,,,,,,,,,,,,,,,,,,,,,,,,,,,,,,,,,,,,,,,,,,,,,,,,,,,,,"33,867","50,170","44,000",,,,"41,436","51,688","45,000",,,,"47,493","55,075","47,950",,,,"44,794","57,738","49,500",,,,"49,042","62,187","53,000","1,200,000","16,800","13,400",,,,,"53,901","67,116","56,500","1,330,000","16,500","13,100",,,,,,"59,700","73,324","60,000","1,330,000","17,700","14,400",,,,,,"67,244","86,000","71,000","1,360,000","17,900","14,400",,,,,,"64,708","104,353","87,973","1,340,000","18,300","14,600",,,,,,"58,431","129,361","115,000","1,410,000","19,100","15,000",,,,,,"48,033","142,085","125,000","1,450,000","20,000","15,500",,,,,,"59,974","152,090","132,500","1,480,000","20,700","16,100",,,,,,"58,111","161,038","140,000","1,510,000","21,700","16,900",,,,,,"31,352","155,173","135,000",,,,,,"29,026","151,784","132,000","1,400,000","23,000","18,000",,,,,,"30,822","154,801","134,973","1,440,000","22,500","17,900",,,,,,"30,555","152,261","130,000","1,410,000","23,700","18,800",,,,,,"30,554","152,865","133,000","1,390,000","24,300","19,400",,,,,,"36,250","154,589","135,000","1,350,000","25,600","20,300",,,,,,,,,"42,192","160,898","140,000","1,340,000","26,300","21,000",,,,,,,,,"43,440","165,452","144,950","1,350,000","27,100","21,400",,,,,,,,,"45,501","171,835","149,000","1,380,000","27,100","21,700",,,,,,,,,"46,828","176,534","151,000","1,350,000","28,200","22,500",,,,,,,,,"1,360,000","28,900","23,200",,,,,,,,,"1,360,000","30,000","24,100",,,,,,,,,"1,420,000","30,400","24,400",,,,,,,,,"1,480,000","31,600","25,200",,,,,,,,,,,,,
Scotland,,,,,,,,,,,,,,,,,,,,,,,,,,,,,,,,,,,,,,,,,,,,,,,,,,,,,,,,,,,,,,,,"796,177","67,883","54,950",,,,"964,029","71,449","57,000",,,,"1,092,857","78,460","60,000",,,,"1,048,979","85,368","65,000",,,,"1,193,254","95,967","72,950","2,270,000","18,000","13,900",,,,,"1,127,643","107,397","80,000","2,490,000","18,200","14,200",,,,,,"1,243,615","118,789","90,000","2,450,000","19,500","15,200",,,,,,"1,349,511","137,858","110,000","2,490,000","19,500","15,100",,,,,,"1,255,510","155,672","130,000","2,470,000","20,000","15,500",,,,,,"1,269,034","178,315","150,000","2,570,000","20,900","16,000",,,,,,"1,060,578","189,235","157,500","2,650,000","22,200","16,700",,,,,,"1,325,012","203,383","166,000","2,700,000","23,500","17,500",,,,,,"1,271,794","219,225","175,000","2,780,000","24,600","18,200",,,,,,"649,726","216,799","170,000",,,,,,"625,052","213,274","168,473","2,630,000","26,000","19,400",,,,,,"662,763","235,948","182,000","2,720,000","25,200","19,200",,,,,,"660,115","232,652","176,000","2,640,000","27,000","20,300",,,,,,"667,625","238,163","180,000","2,590,000","27,800","21,100",,,,,,"790,585","247,172","185,000","2,590,000","29,100","21,800",,,,,,,,,"917,793","260,750","195,000","2,600,000","29,700","22,100",,,,,,,,,"916,348","271,976","208,000","2,600,000","30,700","23,000",,,,,,,,,"919,458","282,738","219,950","2,600,000","30,700","23,400",,,,,,,,,"884,329","292,550","227,722","2,550,000","31,500","24,100",,,,,,,,,"2,590,000","32,200","24,600",,,,,,,,,"2,570,000","33,300","25,700",,,,,,,,,"2,580,000","33,600","26,000",,,,,,,,,"2,690,000","35,100","26,800",,,,,,,,,,,,,
Northern Ireland,,,,,,,,,,,,,,,,,,,,,,,,,,,,,,,,,,,,,,,,,,,,,,,,,,,,,,,,,,,,,,,,,,,,,,,,,,,,,,,,,,,,,,,,,,,"638,000","16,500","13,000",,,,,,,,"666,000","17,300","13,400",,,,,,,,,"552,000","18,700","14,100",,,,,,,,,"629,000","18,400","14,200",,,,,,,,,"701,000","18,900","14,700",,,,,,,,,"746,000","19,600","15,400",,,,,,,,,"773,000","20,900","15,900",,,,,,,,,"785,000","22,000","16,600",,,,,,,,,"801,000","23,000","17,300",,,,,,,,,,,,,,,,,"747,000","23,500","17,800",,,,,,,,,"762,000","23,100","18,000",,,,,,,,,"746,000","24,200","19,100",,,,,,,,,"732,000","24,900","19,600",,,,,,,,,"730,000","25,600","20,100",,,,,,,,,,,,"738,000","26,200","20,900",,,,,,,,,,,,"725,000","27,400","21,600",,,,,,,,,,,,"741,000","27,200","21,400",,,,,,,,,,,,"760,000","28,900","23,200",,,,,,,,,"777,000","29,200","23,400",,,,,,,,,"783,000","30,600","24,600",,,,,,,,,"783,000","31,100","24,800",,,,,,,,,"810,000","32,400","25,800",,,,,,,,,,,,,
United Kingdom,"11,288","120,481","114,974","12,209","113,248","117,625","13,150","107,854","120,338","16,823","127,503","123,113","21,966","142,151","125,952","23,439","131,902","128,857","23,798","119,320","131,829","25,580","120,791","134,869","28,623","128,614","137,979","32,543","139,624","141,161","35,439","144,103","144,417","39,539","155,647","147,747","44,355","167,437","151,155","57,245","202,923","154,641","61,495","202,510","158,207","54,919","164,451","161,855","53,635","154,206","165,588","50,168","140,001","169,407","51,050","140,252","173,314","52,114","139,533","177,311","50,930","132,185","181,400",,,,"55,169","139,561","185,583",,,,"61,830","150,829","189,863",,,,"66,313","157,108","194,242",,,,"74,638","174,287","198,721",,,,"27,200,000","19,600","14,400",,"81,628","184,885","203,304",,,,"29,300,000","20,300","14,800",415,,"92,533","207,413","207,992",,,,"28,600,000","21,400","15,500",429,,"115,940","253,464","212,790",,,,"28,900,000","21,600","15,800",435,,"133,903","285,211","217,697",,,,"28,500,000","21,900","16,000",447,,"152,464","313,933","222,717",,,,"30,300,000","22,800","16,400",458,,"157,387","316,451","227,854",,,,"31,100,000","24,300","17,100",467,,"172,065","332,830","233,109",,,,"31,800,000","25,500","17,700",471,,"183,959","341,590","238,484",,,,"32,500,000","26,800","18,500",480,,"156,828","285,508","243,984",,,,481,,"162,116","291,177","246,611",,,,"30,600,000","28,400","19,600",473,,"162,971","279,689","255,368",,,,"31,300,000","27,400","19,500",466,,"164,785","269,052","261,257",,,,"30,800,000","28,800","20,300",455,,"162,924","258,012","267,282",,,,"30,600,000","29,600","21,000",448,,"174,444","269,145","273,446",,,,"30,400,000","31,300","21,900",445,,7,5,17,"189,002","286,053","279,753",,,,"30,700,000","31,800","22,400",449,,5,2,19,"197,044","294,243","286,204",,,,"31,000,000","33,400","23,200",457,,18,16,26,"205,937","301,853","292,804",,,,"31,200,000","33,500","23,600",460,,27,30,13,"211,433","298,005","299,557",,,,"31,200,000","34,800","24,400",459,,20,21,12,"214,178","292,869","306,465","3,160,000","35,400","25,000",494,,14,13,12,"215,925","288,968","313,533","3,150,000","36,700","26,000",472,,8,6,13,"229,819","304,115","320,763","31,700,000","37,300","26,300",490,,48,54,22,"253,113","313,334","328,161","33,000,000","39,400","27,200",481,,92,105,38,"265,195","288,343","335,729",465,,42,40,53
